title,link
Narendra Modi Stadium,https://en.wikipedia.org/wiki/Narendra_Modi_Stadium
Rungrado 1st of May Stadium,https://en.wikipedia.org/wiki/Rungrado_1st_of_May_Stadium
Michigan Stadium,https://en.wikipedia.org/wiki/Michigan_Stadium
Beaver Stadium,https://en.wikipedia.org/wiki/Beaver_Stadium
Ohio Stadium,https://en.wikipedia.org/wiki/Ohio_Stadium
Kyle Field,https://en.wikipedia.org/wiki/Kyle_Field
Neyland Stadium,https://en.wikipedia.org/wiki/Neyland_Stadium
Tiger Stadium (LSU),https://en.wikipedia.org/wiki/Tiger_Stadium_(LSU)
Darrell K Royal–Texas Memorial Stadium,https://en.wikipedia.org/wiki/Darrell_K_Royal%E2%80%93Texas_Memorial_Stadium
Bryant–Denny Stadium,https://en.wikipedia.org/wiki/Bryant%E2%80%93Denny_Stadium
Melbourne Cricket Ground,https://en.wikipedia.org/wiki/Melbourne_Cricket_Ground
Camp Nou,https://en.wikipedia.org/wiki/Camp_Nou
FNB Stadium,https://en.wikipedia.org/wiki/FNB_Stadium
Sanford Stadium,https://en.wikipedia.org/wiki/Sanford_Stadium
Cotton Bowl (stadium),https://en.wikipedia.org/wiki/Cotton_Bowl_(stadium)
Rose Bowl (stadium),https://en.wikipedia.org/wiki/Rose_Bowl_(stadium)
Wembley Stadium,https://en.wikipedia.org/wiki/Wembley_Stadium
Ben Hill Griffin Stadium,https://en.wikipedia.org/wiki/Ben_Hill_Griffin_Stadium
Jordan–Hare Stadium,https://en.wikipedia.org/wiki/Jordan%E2%80%93Hare_Stadium
Bukit Jalil National Stadium,https://en.wikipedia.org/wiki/Bukit_Jalil_National_Stadium
Estadio Azteca,https://en.wikipedia.org/wiki/Estadio_Azteca
"Memorial Stadium, Lincoln","https://en.wikipedia.org/wiki/Memorial_Stadium,_Lincoln"
Borg El Arab Stadium,https://en.wikipedia.org/wiki/Borg_El_Arab_Stadium
Salt Lake Stadium,https://en.wikipedia.org/wiki/Salt_Lake_Stadium
Stadium Australia,https://en.wikipedia.org/wiki/Stadium_Australia
MetLife Stadium,https://en.wikipedia.org/wiki/MetLife_Stadium
Croke Park,https://en.wikipedia.org/wiki/Croke_Park
FedExField,https://en.wikipedia.org/wiki/FedExField
Twickenham Stadium,https://en.wikipedia.org/wiki/Twickenham_Stadium
Memorial Stadium (Clemson),https://en.wikipedia.org/wiki/Memorial_Stadium_(Clemson)
Lambeau Field,https://en.wikipedia.org/wiki/Lambeau_Field
Stade de France,https://en.wikipedia.org/wiki/Stade_de_France
Santiago Bernabéu Stadium,https://en.wikipedia.org/wiki/Santiago_Bernab%C3%A9u_Stadium
Shah Alam Stadium,https://en.wikipedia.org/wiki/Shah_Alam_Stadium
Camp Randall Stadium,https://en.wikipedia.org/wiki/Camp_Randall_Stadium
Williams-Brice Stadium,https://en.wikipedia.org/wiki/Williams-Brice_Stadium
Gaylord Family Oklahoma Memorial Stadium,https://en.wikipedia.org/wiki/Gaylord_Family_Oklahoma_Memorial_Stadium
Guangdong Olympic Stadium,https://en.wikipedia.org/wiki/Guangdong_Olympic_Stadium
Eden Gardens,https://en.wikipedia.org/wiki/Eden_Gardens
AT&T Stadium,https://en.wikipedia.org/wiki/AT%26T_Stadium
Beijing National Stadium,https://en.wikipedia.org/wiki/Beijing_National_Stadium
Stade 5 Juillet 1962,https://en.wikipedia.org/wiki/Stade_5_Juillet_1962
Stade des Martyrs,https://en.wikipedia.org/wiki/Stade_des_Martyrs
Japan National Stadium (2019),https://en.wikipedia.org/wiki/Japan_National_Stadium_(2019)
Hangzhou Sports Park Stadium (page does not exist),https://en.wikipedia.org/w/index.php?title=Hangzhou_Sports_Park_Stadium&action=edit&redlink=1
Doak Campbell Stadium,https://en.wikipedia.org/wiki/Doak_Campbell_Stadium
Maracanã (stadium),https://en.wikipedia.org/wiki/Maracan%C3%A3_(stadium)
Azadi Stadium,https://en.wikipedia.org/wiki/Azadi_Stadium
Luzhniki Stadium,https://en.wikipedia.org/wiki/Luzhniki_Stadium
Notre Dame Stadium,https://en.wikipedia.org/wiki/Notre_Dame_Stadium
Los Angeles Memorial Coliseum,https://en.wikipedia.org/wiki/Los_Angeles_Memorial_Coliseum
Mercedes-Benz Stadium,https://en.wikipedia.org/wiki/Mercedes-Benz_Stadium
Gelora Bung Karno Stadium,https://en.wikipedia.org/wiki/Gelora_Bung_Karno_Stadium
TIAA Bank Field,https://en.wikipedia.org/wiki/TIAA_Bank_Field
Arrowhead Stadium,https://en.wikipedia.org/wiki/Arrowhead_Stadium
Donald W. Reynolds Razorback Stadium,https://en.wikipedia.org/wiki/Donald_W._Reynolds_Razorback_Stadium
Empower Field at Mile High,https://en.wikipedia.org/wiki/Empower_Field_at_Mile_High
Atatürk Olympic Stadium,https://en.wikipedia.org/wiki/Atat%C3%BCrk_Olympic_Stadium
San Siro,https://en.wikipedia.org/wiki/San_Siro
Old Trafford,https://en.wikipedia.org/wiki/Old_Trafford
Spartan Stadium (East Lansing),https://en.wikipedia.org/wiki/Spartan_Stadium_(East_Lansing)
Olympic Stadium (Athens),https://en.wikipedia.org/wiki/Olympic_Stadium_(Athens)
Allianz Arena,https://en.wikipedia.org/wiki/Allianz_Arena
Naghsh-e Jahan Stadium,https://en.wikipedia.org/wiki/Naghsh-e_Jahan_Stadium
Millennium Stadium,https://en.wikipedia.org/wiki/Millennium_Stadium
Olympic Stadium (Berlin),https://en.wikipedia.org/wiki/Olympic_Stadium_(Berlin)
Cairo International Stadium,https://en.wikipedia.org/wiki/Cairo_International_Stadium
Highmark Stadium (New York),https://en.wikipedia.org/wiki/Highmark_Stadium_(New_York)
Bank of America Stadium,https://en.wikipedia.org/wiki/Bank_of_America_Stadium
Caesars Superdome,https://en.wikipedia.org/wiki/Caesars_Superdome
FirstEnergy Stadium,https://en.wikipedia.org/wiki/FirstEnergy_Stadium
International Stadium Yokohama,https://en.wikipedia.org/wiki/International_Stadium_Yokohama
Legion Field,https://en.wikipedia.org/wiki/Legion_Field
NRG Stadium,https://en.wikipedia.org/wiki/NRG_Stadium
M&T Bank Stadium,https://en.wikipedia.org/wiki/M%26T_Bank_Stadium
Faurot Field,https://en.wikipedia.org/wiki/Faurot_Field
Stadio Olimpico,https://en.wikipedia.org/wiki/Stadio_Olimpico
Kinnick Stadium,https://en.wikipedia.org/wiki/Kinnick_Stadium
SoFi Stadium,https://en.wikipedia.org/wiki/SoFi_Stadium
Husky Stadium,https://en.wikipedia.org/wiki/Husky_Stadium
Estádio Nacional de Brasília,https://en.wikipedia.org/wiki/Est%C3%A1dio_Nacional_de_Bras%C3%ADlia
Estadio Monumental Antonio Vespucio Liberti,https://en.wikipedia.org/wiki/Estadio_Monumental_Antonio_Vespucio_Liberti
Olimpiyskiy National Sports Complex,https://en.wikipedia.org/wiki/Olimpiyskiy_National_Sports_Complex
Seoul Olympic Stadium,https://en.wikipedia.org/wiki/Seoul_Olympic_Stadium
Baku National Stadium,https://en.wikipedia.org/wiki/Baku_National_Stadium
Olympic Stadium (Munich),https://en.wikipedia.org/wiki/Olympic_Stadium_(Munich)
Nissan Stadium,https://en.wikipedia.org/wiki/Nissan_Stadium
Lumen Field,https://en.wikipedia.org/wiki/Lumen_Field
Lincoln Financial Field,https://en.wikipedia.org/wiki/Lincoln_Financial_Field
Levi's Stadium,https://en.wikipedia.org/wiki/Levi%27s_Stadium
Heinz Field,https://en.wikipedia.org/wiki/Heinz_Field
Krestovsky Stadium,https://en.wikipedia.org/wiki/Krestovsky_Stadium
Metropolitano Stadium,https://en.wikipedia.org/wiki/Metropolitano_Stadium
Stade Vélodrome,https://en.wikipedia.org/wiki/Stade_V%C3%A9lodrome
Puskás Aréna,https://en.wikipedia.org/wiki/Pusk%C3%A1s_Ar%C3%A9na
Murrayfield Stadium,https://en.wikipedia.org/wiki/Murrayfield_Stadium
Palaran Stadium,https://en.wikipedia.org/wiki/Palaran_Stadium
Estádio do Morumbi,https://en.wikipedia.org/wiki/Est%C3%A1dio_do_Morumbi
King Fahd International Stadium,https://en.wikipedia.org/wiki/King_Fahd_International_Stadium
The Dome at America's Center,https://en.wikipedia.org/wiki/The_Dome_at_America%27s_Center
Yadegar-e Emam Stadium (Tabriz),https://en.wikipedia.org/wiki/Yadegar-e_Emam_Stadium_(Tabriz)
Seoul World Cup Stadium,https://en.wikipedia.org/wiki/Seoul_World_Cup_Stadium
U.S. Bank Stadium,https://en.wikipedia.org/wiki/U.S._Bank_Stadium
Daegu Stadium,https://en.wikipedia.org/wiki/Daegu_Stadium
Lane Stadium,https://en.wikipedia.org/wiki/Lane_Stadium
Signal Iduna Park,https://en.wikipedia.org/wiki/Signal_Iduna_Park
London Stadium,https://en.wikipedia.org/wiki/London_Stadium
Gillette Stadium,https://en.wikipedia.org/wiki/Gillette_Stadium
Sun Devil Stadium,https://en.wikipedia.org/wiki/Sun_Devil_Stadium
Raymond James Stadium,https://en.wikipedia.org/wiki/Raymond_James_Stadium
Paul Brown Stadium,https://en.wikipedia.org/wiki/Paul_Brown_Stadium
Camping World Stadium,https://en.wikipedia.org/wiki/Camping_World_Stadium
Hard Rock Stadium,https://en.wikipedia.org/wiki/Hard_Rock_Stadium
Estadio Centenario,https://en.wikipedia.org/wiki/Estadio_Centenario
Allegiant Stadium,https://en.wikipedia.org/wiki/Allegiant_Stadium
Mogadishu Stadium,https://en.wikipedia.org/wiki/Mogadishu_Stadium
Basra Sports City,https://en.wikipedia.org/wiki/Basra_Sports_City
Foro Sol,https://en.wikipedia.org/wiki/Foro_Sol
Kamuzu Stadium,https://en.wikipedia.org/wiki/Kamuzu_Stadium
Alamodome,https://en.wikipedia.org/wiki/Alamodome
Ford Field,https://en.wikipedia.org/wiki/Ford_Field
Stade Olympique de Radès,https://en.wikipedia.org/wiki/Stade_Olympique_de_Rad%C3%A8s
Jaber Al-Ahmad International Stadium,https://en.wikipedia.org/wiki/Jaber_Al-Ahmad_International_Stadium
June 11 Stadium,https://en.wikipedia.org/wiki/June_11_Stadium
Estádio da Luz,https://en.wikipedia.org/wiki/Est%C3%A1dio_da_Luz
Vaught–Hemingway Stadium,https://en.wikipedia.org/wiki/Vaught%E2%80%93Hemingway_Stadium
Workers Stadium,https://en.wikipedia.org/wiki/Workers_Stadium
Castelão (Ceará),https://en.wikipedia.org/wiki/Castel%C3%A3o_(Cear%C3%A1)
LaVell Edwards Stadium,https://en.wikipedia.org/wiki/LaVell_Edwards_Stadium
Saitama Stadium 2002,https://en.wikipedia.org/wiki/Saitama_Stadium_2002
State Farm Stadium,https://en.wikipedia.org/wiki/State_Farm_Stadium
California Memorial Stadium,https://en.wikipedia.org/wiki/California_Memorial_Stadium
Estadio Olímpico Universitario,https://en.wikipedia.org/wiki/Estadio_Ol%C3%ADmpico_Universitario
Oakland–Alameda County Coliseum,https://en.wikipedia.org/wiki/Oakland%E2%80%93Alameda_County_Coliseum
Lucas Oil Stadium,https://en.wikipedia.org/wiki/Lucas_Oil_Stadium
Kenan Memorial Stadium,https://en.wikipedia.org/wiki/Kenan_Memorial_Stadium
Tottenham Hotspur Stadium,https://en.wikipedia.org/wiki/Tottenham_Hotspur_Stadium
Ellis Park Stadium,https://en.wikipedia.org/wiki/Ellis_Park_Stadium
Ross–Ade Stadium,https://en.wikipedia.org/wiki/Ross%E2%80%93Ade_Stadium
Veltins-Arena,https://en.wikipedia.org/wiki/Veltins-Arena
Mineirão Stadium,https://en.wikipedia.org/wiki/Mineir%C3%A3o_Stadium
Yizhong Sports Center,https://en.wikipedia.org/wiki/Yizhong_Sports_Center
Shanxi Sports Centre Stadium,https://en.wikipedia.org/wiki/Shanxi_Sports_Centre_Stadium
Jack Trice Stadium,https://en.wikipedia.org/wiki/Jack_Trice_Stadium
Scott Stadium,https://en.wikipedia.org/wiki/Scott_Stadium
Soldier Field,https://en.wikipedia.org/wiki/Soldier_Field
Yale Bowl,https://en.wikipedia.org/wiki/Yale_Bowl
Davis Wade Stadium,https://en.wikipedia.org/wiki/Davis_Wade_Stadium
Perth Stadium,https://en.wikipedia.org/wiki/Perth_Stadium
Dalian Sports Center Stadium,https://en.wikipedia.org/wiki/Dalian_Sports_Center_Stadium
Cardinal Stadium,https://en.wikipedia.org/wiki/Cardinal_Stadium
Kroger Field,https://en.wikipedia.org/wiki/Kroger_Field
Estadio Benito Villamarín,https://en.wikipedia.org/wiki/Estadio_Benito_Villamar%C3%ADn
Memorial Stadium (Champaign),https://en.wikipedia.org/wiki/Memorial_Stadium_(Champaign)
Mercedes-Benz Arena (Stuttgart),https://en.wikipedia.org/wiki/Mercedes-Benz_Arena_(Stuttgart)
Grêmio Arena,https://en.wikipedia.org/wiki/Gr%C3%AAmio_Arena
Mississippi Veterans Memorial Stadium,https://en.wikipedia.org/wiki/Mississippi_Veterans_Memorial_Stadium
Jones AT&T Stadium,https://en.wikipedia.org/wiki/Jones_AT%26T_Stadium
Celtic Park,https://en.wikipedia.org/wiki/Celtic_Park
Emirates Stadium,https://en.wikipedia.org/wiki/Emirates_Stadium
Shenzhen Universiade Sports Centre,https://en.wikipedia.org/wiki/Shenzhen_Universiade_Sports_Centre
Stadio San Paolo,https://en.wikipedia.org/wiki/Stadio_San_Paolo
Boone Pickens Stadium,https://en.wikipedia.org/wiki/Boone_Pickens_Stadium
Estádio do Arruda,https://en.wikipedia.org/wiki/Est%C3%A1dio_do_Arruda
Jawaharlal Nehru Stadium (Delhi),https://en.wikipedia.org/wiki/Jawaharlal_Nehru_Stadium_(Delhi)
King Abdullah Sports City,https://en.wikipedia.org/wiki/King_Abdullah_Sports_City
Estadio Libertadores de América,https://en.wikipedia.org/wiki/Estadio_Libertadores_de_Am%C3%A9rica
Dr. Bhupen Hazarika Cricket Stadium,https://en.wikipedia.org/wiki/Dr._Bhupen_Hazarika_Cricket_Stadium
Estadio Monumental Virgen de Chapi,https://en.wikipedia.org/wiki/Estadio_Monumental_Virgen_de_Chapi
Mountaineer Field at Milan Puskar Stadium,https://en.wikipedia.org/wiki/Mountaineer_Field_at_Milan_Puskar_Stadium
National Heroes Stadium,https://en.wikipedia.org/wiki/National_Heroes_Stadium
Abuja Stadium,https://en.wikipedia.org/wiki/Abuja_Stadium
Lake Tanganyika Stadium,https://en.wikipedia.org/wiki/Lake_Tanganyika_Stadium
Benjamin Mkapa National Stadium,https://en.wikipedia.org/wiki/Benjamin_Mkapa_National_Stadium
Shenyang Olympic Sports Center Stadium,https://en.wikipedia.org/wiki/Shenyang_Olympic_Sports_Center_Stadium
Stade Leopold Senghor,https://en.wikipedia.org/wiki/Stade_Leopold_Senghor
Moi International Sports Centre,https://en.wikipedia.org/wiki/Moi_International_Sports_Centre
Nanjing Olympic Sports Center,https://en.wikipedia.org/wiki/Nanjing_Olympic_Sports_Center
National Sports Stadium (Zimbabwe),https://en.wikipedia.org/wiki/National_Sports_Stadium_(Zimbabwe)
Odi Stadium,https://en.wikipedia.org/wiki/Odi_Stadium
Tianhe Stadium,https://en.wikipedia.org/wiki/Tianhe_Stadium
Tianjin Olympic Centre Stadium,https://en.wikipedia.org/wiki/Tianjin_Olympic_Centre_Stadium
Ordos Sports Centre Stadium (page does not exist),https://en.wikipedia.org/w/index.php?title=Ordos_Sports_Centre_Stadium&action=edit&redlink=1
Wuhan Sports Center Stadium,https://en.wikipedia.org/wiki/Wuhan_Sports_Center_Stadium
Hohhot City Stadium,https://en.wikipedia.org/wiki/Hohhot_City_Stadium
Jinan Olympic Sports Center Stadium,https://en.wikipedia.org/wiki/Jinan_Olympic_Sports_Center_Stadium
Hefei Olympic Sports Center Stadium,https://en.wikipedia.org/wiki/Hefei_Olympic_Sports_Center_Stadium
Harbin Sports City Center Stadium,https://en.wikipedia.org/wiki/Harbin_Sports_City_Center_Stadium
Guangxi Sports Centre Stadium,https://en.wikipedia.org/wiki/Guangxi_Sports_Centre_Stadium
Haixia Olympic Center Stadium,https://en.wikipedia.org/wiki/Haixia_Olympic_Center_Stadium
Liberty Bowl Memorial Stadium,https://en.wikipedia.org/wiki/Liberty_Bowl_Memorial_Stadium
Estadio Monumental Isidro Romero Carbo,https://en.wikipedia.org/wiki/Estadio_Monumental_Isidro_Romero_Carbo
Parc Olympique Lyonnais,https://en.wikipedia.org/wiki/Parc_Olympique_Lyonnais
Chongqing Olympic Sports Center,https://en.wikipedia.org/wiki/Chongqing_Olympic_Sports_Center
"National Stadium, Warsaw","https://en.wikipedia.org/wiki/National_Stadium,_Warsaw"
Cape Town Stadium,https://en.wikipedia.org/wiki/Cape_Town_Stadium
Stadio San Nicola,https://en.wikipedia.org/wiki/Stadio_San_Nicola
Arizona Stadium,https://en.wikipedia.org/wiki/Arizona_Stadium
Estadio de La Cartuja,https://en.wikipedia.org/wiki/Estadio_de_La_Cartuja
Carter–Finley Stadium,https://en.wikipedia.org/wiki/Carter%E2%80%93Finley_Stadiums
Estadio Mario Alberto Kempes,https://en.wikipedia.org/wiki/Estadio_Mario_Alberto_Kempes
Shanghai Stadium,https://en.wikipedia.org/wiki/Shanghai_Stadium
Estadio Jalisco,https://en.wikipedia.org/wiki/Estadio_Jalisco
Commonwealth Stadium (Edmonton),https://en.wikipedia.org/wiki/Commonwealth_Stadium_(Edmonton)
Olympic Stadium (Montreal),https://en.wikipedia.org/wiki/Olympic_Stadium_(Montreal)
Estádio Beira-Rio,https://en.wikipedia.org/wiki/Est%C3%A1dio_Beira-Rio
Stadium Puskás Ferenc,https://en.wikipedia.org/wiki/Stadium_Pusk%C3%A1s_Ferenc
Dodger Stadium,https://en.wikipedia.org/wiki/Dodger_Stadium
Strahov Stadium,https://en.wikipedia.org/wiki/Strahov_Stadium
Estadi Olímpic Lluís Companys,https://en.wikipedia.org/wiki/Estadi_Ol%C3%ADmpic_Llu%C3%ADs_Companys
Arena Națională,https://en.wikipedia.org/wiki/Arena_Na%C8%9Bional%C4%83
"Municipal Corporation Stadium, Kozhikode","https://en.wikipedia.org/wiki/Municipal_Corporation_Stadium,_Kozhikode"
Stadion Crvena Zvezda,https://en.wikipedia.org/wiki/Stadion_Crvena_Zvezda
Estadio La Casa Blanca,https://en.wikipedia.org/wiki/Estadio_La_Casa_Blanca
Silesian Stadium,https://en.wikipedia.org/wiki/Silesian_Stadium
City of Manchester Stadium,https://en.wikipedia.org/wiki/City_of_Manchester_Stadium
DY Patil Stadium,https://en.wikipedia.org/wiki/DY_Patil_Stadium
Greenfield International Stadium,https://en.wikipedia.org/wiki/Greenfield_International_Stadium
New Singapore National Stadium,https://en.wikipedia.org/wiki/New_Singapore_National_Stadium
"Rajiv Gandhi International Cricket Stadium, Hyderabad","https://en.wikipedia.org/wiki/Rajiv_Gandhi_International_Cricket_Stadium,_Hyderabad"
Bobby Dodd Stadium,https://en.wikipedia.org/wiki/Bobby_Dodd_Stadium
Estadio Latinoamericano,https://en.wikipedia.org/wiki/Estadio_Latinoamericano
Helong Stadium,https://en.wikipedia.org/wiki/Helong_Stadium
Arun Jaitley Stadium,https://en.wikipedia.org/wiki/Arun_Jaitley_Stadium
Semple Stadium,https://en.wikipedia.org/wiki/Semple_Stadium
National Stadium (Kaohsiung),https://en.wikipedia.org/wiki/National_Stadium_(Kaohsiung)
Pune International Cricket Centre,https://en.wikipedia.org/wiki/Pune_International_Cricket_Centre
Plovdiv Stadium,https://en.wikipedia.org/wiki/Plovdiv_Stadium
Johan Cruyff Arena,https://en.wikipedia.org/wiki/Johan_Cruyff_Arena
Esprit Arena,https://en.wikipedia.org/wiki/Esprit_Arena
Boris Paichadze Stadium,https://en.wikipedia.org/wiki/Boris_Paichadze_Stadium
Friends Arena,https://en.wikipedia.org/wiki/Friends_Arena
BC Place,https://en.wikipedia.org/wiki/BC_Place
Yankee Stadium,https://en.wikipedia.org/wiki/Yankee_Stadium
Hrazdan Stadium,https://en.wikipedia.org/wiki/Hrazdan_Stadium
War Memorial Stadium (Arkansas),https://en.wikipedia.org/wiki/War_Memorial_Stadium_(Arkansas)
Anfield,https://en.wikipedia.org/wiki/Anfield
Borussia-Park,https://en.wikipedia.org/wiki/Borussia-Park
Rogers Centre,https://en.wikipedia.org/wiki/Rogers_Centre
Moses Mabhida Stadium,https://en.wikipedia.org/wiki/Moses_Mabhida_Stadium
Autzen Stadium,https://en.wikipedia.org/wiki/Autzen_Stadium
M. A. Chidambaram Stadium,https://en.wikipedia.org/wiki/M._A._Chidambaram_Stadium
Busan Asiad Stadium,https://en.wikipedia.org/wiki/Busan_Asiad_Stadium
Folsom Field,https://en.wikipedia.org/wiki/Folsom_Field
Estadio Ciudad de La Plata,https://en.wikipedia.org/wiki/Estadio_Ciudad_de_La_Plata
Adelaide Oval,https://en.wikipedia.org/wiki/Adelaide_Oval
Estadio BBVA Bancomer,https://en.wikipedia.org/wiki/Estadio_BBVA_Bancomer
Estadio Cuscatlán,https://en.wikipedia.org/wiki/Estadio_Cuscatl%C3%A1n
Marvel Stadium,https://en.wikipedia.org/wiki/Marvel_Stadium
Estádio Parque do Sabiá,https://en.wikipedia.org/wiki/Est%C3%A1dio_Parque_do_Sabi%C3%A1
San Mamés Stadium (2013),https://en.wikipedia.org/wiki/San_Mam%C3%A9s_Stadium_(2013)
Aleppo International Stadium,https://en.wikipedia.org/wiki/Aleppo_International_Stadium
Ernst Happel Stadion,https://en.wikipedia.org/wiki/Ernst_Happel_Stadion
"Memorial Stadium, Bloomington","https://en.wikipedia.org/wiki/Memorial_Stadium,_Bloomington"
Türk Telekom Stadium,https://en.wikipedia.org/wiki/T%C3%BCrk_Telekom_Stadium
Franklin Field,https://en.wikipedia.org/wiki/Franklin_Field
Şükrü Saracoğlu Stadium,https://en.wikipedia.org/wiki/%C5%9E%C3%BCkr%C3%BC_Saraco%C4%9Flu_Stadium
Donbass Arena,https://en.wikipedia.org/wiki/Donbass_Arena
Lang Park,https://en.wikipedia.org/wiki/Lang_Park
Falcon Stadium,https://en.wikipedia.org/wiki/Falcon_Stadium
Estadio Mestalla,https://en.wikipedia.org/wiki/Estadio_Mestalla
High Point Solutions Stadium,https://en.wikipedia.org/wiki/High_Point_Solutions_Stadium
St James' Park,https://en.wikipedia.org/wiki/St_James%27_Park
Bill Snyder Family Football Stadium,https://en.wikipedia.org/wiki/Bill_Snyder_Family_Football_Stadium
Huainan Sports Stadium,https://en.wikipedia.org/wiki/Huainan_Sports_Stadium
Kings Park Stadium,https://en.wikipedia.org/wiki/Kings_Park_Stadium
Estádio do Dragão,https://en.wikipedia.org/wiki/Est%C3%A1dio_do_Drag%C3%A3o
Stade Moulay Abdellah,https://en.wikipedia.org/wiki/Stade_Moulay_Abdellah
Estadio Monumental de Maturín,https://en.wikipedia.org/wiki/Estadio_Monumental_de_Matur%C3%ADn
Stade Omnisports,https://en.wikipedia.org/wiki/Stade_Omnisports
Guiyang Olympic Sports Center,https://en.wikipedia.org/wiki/Guiyang_Olympic_Sports_Center
Hampden Park,https://en.wikipedia.org/wiki/Hampden_Park
Maryland Stadium,https://en.wikipedia.org/wiki/Maryland_Stadium
Loftus Versfeld Stadium,https://en.wikipedia.org/wiki/Loftus_Versfeld_Stadium
Aviva Stadium,https://en.wikipedia.org/wiki/Aviva_Stadium
De Kuip,https://en.wikipedia.org/wiki/De_Kuip
Rajamangala Stadium,https://en.wikipedia.org/wiki/Rajamangala_Stadium
Deutsche Bank Park,https://en.wikipedia.org/wiki/Deutsche_Bank_Park
Kumasi Sports Stadium,https://en.wikipedia.org/wiki/Kumasi_Sports_Stadium
Sun Bowl Stadium,https://en.wikipedia.org/wiki/Sun_Bowl_Stadium
Estadio Juan Domingo Perón,https://en.wikipedia.org/wiki/Estadio_Juan_Domingo_Per%C3%B3n
Shizuoka Stadium,https://en.wikipedia.org/wiki/Shizuoka_Stadium
İzmir Atatürk Stadium,https://en.wikipedia.org/wiki/%C4%B0zmir_Atat%C3%BCrk_Stadium
Huanglong Stadium,https://en.wikipedia.org/wiki/Huanglong_Stadium
Newlands Stadium,https://en.wikipedia.org/wiki/Newlands_Stadium
Shaanxi Province Stadium,https://en.wikipedia.org/wiki/Shaanxi_Province_Stadium
Dowdy–Ficklen Stadium,https://en.wikipedia.org/wiki/Dowdy%E2%80%93Ficklen_Stadium
Independence Stadium (United States),https://en.wikipedia.org/wiki/Independence_Stadium_(United_States)
Ibrox Stadium,https://en.wikipedia.org/wiki/Ibrox_Stadium
Huntington Bank Stadium,https://en.wikipedia.org/wiki/Huntington_Bank_Stadium
Estádio José Alvalade,https://en.wikipedia.org/wiki/Est%C3%A1dio_Jos%C3%A9_Alvalade
Coors Field,https://en.wikipedia.org/wiki/Coors_Field
Incheon Munhak Stadium,https://en.wikipedia.org/wiki/Incheon_Munhak_Stadium
Stade Pierre-Mauroy,https://en.wikipedia.org/wiki/Stade_Pierre-Mauroy
King Baudouin Stadium,https://en.wikipedia.org/wiki/King_Baudouin_Stadium
Ajinomoto Stadium,https://en.wikipedia.org/wiki/Ajinomoto_Stadium
David Booth Kansas Memorial Stadium,https://en.wikipedia.org/wiki/David_Booth_Kansas_Memorial_Stadium
Arena Fonte Nova,https://en.wikipedia.org/wiki/Arena_Fonte_Nova
Stade 19 Mai 1956,https://en.wikipedia.org/wiki/Stade_19_Mai_1956
Za Lužánkami,https://en.wikipedia.org/wiki/Za_Lu%C5%BE%C3%A1nkami
JSCA International Cricket Stadium,https://en.wikipedia.org/wiki/JSCA_International_Cricket_Stadium
Ekana International Cricket Stadium,https://en.wikipedia.org/wiki/Ekana_International_Cricket_Stadium
Kim Il-sung Stadium,https://en.wikipedia.org/wiki/Kim_Il-sung_Stadium
Aloha Stadium,https://en.wikipedia.org/wiki/Aloha_Stadium
Charles Mopeli Stadium,https://en.wikipedia.org/wiki/Charles_Mopeli_Stadium
Eden Park,https://en.wikipedia.org/wiki/Eden_Park
Hiroshima Big Arch,https://en.wikipedia.org/wiki/Hiroshima_Big_Arch
Jilin People's Stadium,https://en.wikipedia.org/wiki/Jilin_People%27s_Stadium
Khalifa International Stadium,https://en.wikipedia.org/wiki/Khalifa_International_Stadium
Nagai Stadium,https://en.wikipedia.org/wiki/Nagai_Stadium
Phnom Pehn National Olympic Stadium,https://en.wikipedia.org/wiki/Phnom_Pehn_National_Olympic_Stadium
Stade 26 mars,https://en.wikipedia.org/wiki/Stade_26_mars
Stanford Stadium,https://en.wikipedia.org/wiki/Stanford_Stadium
Sultan Mizan Zainal Abidin Stadium,https://en.wikipedia.org/wiki/Sultan_Mizan_Zainal_Abidin_Stadium
Pars Shiraz Stadium,https://en.wikipedia.org/wiki/Pars_Shiraz_Stadium
Henan Provincial Stadium,https://en.wikipedia.org/wiki/Henan_Provincial_Stadium
Xinjiang Sports Centre,https://en.wikipedia.org/wiki/Xinjiang_Sports_Centre
Yanji People's Stadium,https://en.wikipedia.org/wiki/Yanji_People%27s_Stadium
Estádio 11 de Novembro,https://en.wikipedia.org/wiki/Est%C3%A1dio_11_de_Novembro
Red Bull Arena (Leipzig),https://en.wikipedia.org/wiki/Red_Bull_Arena_(Leipzig)
Guangzhou University City Stadium,https://en.wikipedia.org/wiki/Guangzhou_University_City_Stadium
Jiangxi Olympic Sports Center,https://en.wikipedia.org/wiki/Jiangxi_Olympic_Sports_Center
Shaheed Veer Narayan Singh International Cricket Stadium,https://en.wikipedia.org/wiki/Shaheed_Veer_Narayan_Singh_International_Cricket_Stadium
24 February Stadium,https://en.wikipedia.org/wiki/24_February_Stadium
Olympic Stadium (Oran),https://en.wikipedia.org/wiki/Olympic_Stadium_(Oran)
Ahmed Zabana Stadium,https://en.wikipedia.org/wiki/Ahmed_Zabana_Stadium
RheinEnergieStadion,https://en.wikipedia.org/wiki/RheinEnergieStadion
Gaelic Grounds,https://en.wikipedia.org/wiki/Gaelic_Grounds
Estadio Omnilife,https://en.wikipedia.org/wiki/Estadio_Omnilife
Fritz-Walter-Stadion,https://en.wikipedia.org/wiki/Fritz-Walter-Stadion
José Amalfitani Stadium,https://en.wikipedia.org/wiki/Jos%C3%A9_Amalfitani_Stadium
Camille Chamoun Sports City Stadium,https://en.wikipedia.org/wiki/Camille_Chamoun_Sports_City_Stadium
Ryan Field (stadium),https://en.wikipedia.org/wiki/Ryan_Field_(stadium)
Carrier Dome,https://en.wikipedia.org/wiki/Carrier_Dome
Miyagi Stadium,https://en.wikipedia.org/wiki/Miyagi_Stadium
Globe Life Park in Arlington,https://en.wikipedia.org/wiki/Globe_Life_Park_in_Arlington
Chase Field,https://en.wikipedia.org/wiki/Chase_Field
AWD-Arena,https://en.wikipedia.org/wiki/AWD-Arena
Stadium of Light,https://en.wikipedia.org/wiki/Stadium_of_Light
La Bombonera,https://en.wikipedia.org/wiki/La_Bombonera
Queensland Sport and Athletics Centre,https://en.wikipedia.org/wiki/Queensland_Sport_and_Athletics_Centre
Oriole Park at Camden Yards,https://en.wikipedia.org/wiki/Oriole_Park_at_Camden_Yards
Jinnah Sports Stadium,https://en.wikipedia.org/wiki/Jinnah_Sports_Stadium
Parc des Princes,https://en.wikipedia.org/wiki/Parc_des_Princes
Frankenstadion,https://en.wikipedia.org/wiki/Frankenstadion
Nelson Mandela Bay Stadium,https://en.wikipedia.org/wiki/Nelson_Mandela_Bay_Stadium
Estadio Tomás Adolfo Ducó,https://en.wikipedia.org/wiki/Estadio_Tom%C3%A1s_Adolfo_Duc%C3%B3
T-Mobile Park,https://en.wikipedia.org/wiki/T-Mobile_Park
Harbin ICE Sports Center (page does not exist),https://en.wikipedia.org/w/index.php?title=Harbin_ICE_Sports_Center&action=edit&redlink=1
Sydney Cricket Ground,https://en.wikipedia.org/wiki/Sydney_Cricket_Ground
Estadio Malvinas Argentinas,https://en.wikipedia.org/wiki/Estadio_Malvinas_Argentinas
Koshien Stadium,https://en.wikipedia.org/wiki/Koshien_Stadium
Fisht Olympic Stadium,https://en.wikipedia.org/wiki/Fisht_Olympic_Stadium
Estadio Monumental David Arellano,https://en.wikipedia.org/wiki/Estadio_Monumental_David_Arellano
Estadio Nacional Julio Martínez Prádanos,https://en.wikipedia.org/wiki/Estadio_Nacional_Julio_Mart%C3%ADnez_Pr%C3%A1danos
Rice Stadium (Rice University),https://en.wikipedia.org/wiki/Rice_Stadium_(Rice_University)
Tokyo Dome,https://en.wikipedia.org/wiki/Tokyo_Dome
Estádio Olímpico Nilton Santos,https://en.wikipedia.org/wiki/Est%C3%A1dio_Ol%C3%ADmpico_Nilton_Santos
Busch Stadium,https://en.wikipedia.org/wiki/Busch_Stadium
Estadio Metropolitano Roberto Meléndez,https://en.wikipedia.org/wiki/Estadio_Metropolitano_Roberto_Mel%C3%A9ndez
Estadio El Campín,https://en.wikipedia.org/wiki/Estadio_El_Camp%C3%ADn
ACA-VDCA Stadium,https://en.wikipedia.org/wiki/ACA-VDCA_Stadium
Itaipava Arena Pernambuco,https://en.wikipedia.org/wiki/Itaipava_Arena_Pernambuco
Estádio Olímpico Monumental,https://en.wikipedia.org/wiki/Est%C3%A1dio_Ol%C3%ADmpico_Monumental
Peter Mokaba Stadium,https://en.wikipedia.org/wiki/Peter_Mokaba_Stadium
Estádio Paulo Constantino,https://en.wikipedia.org/wiki/Est%C3%A1dio_Paulo_Constantino
Estadio Olímpico Pascual Guerrero,https://en.wikipedia.org/wiki/Estadio_Ol%C3%ADmpico_Pascual_Guerrero
Estadio Nacional (Lima),https://en.wikipedia.org/wiki/Estadio_Nacional_(Lima)
Volgograd Arena,https://en.wikipedia.org/wiki/Volgograd_Arena
Páirc Uí Chaoimh,https://en.wikipedia.org/wiki/P%C3%A1irc_U%C3%AD_Chaoimh
Estádio Ilha do Retiro,https://en.wikipedia.org/wiki/Est%C3%A1dio_Ilha_do_Retiro
Estadio Ramón Sánchez Pizjuán,https://en.wikipedia.org/wiki/Estadio_Ram%C3%B3n_S%C3%A1nchez_Pizju%C3%A1n
Stade Adrar,https://en.wikipedia.org/wiki/Stade_Adrar
Robert F. Kennedy Memorial Stadium,https://en.wikipedia.org/wiki/Robert_F._Kennedy_Memorial_Stadium
Otkrytie Arena,https://en.wikipedia.org/wiki/Otkrytie_Arena
National Stadium (Uganda),https://en.wikipedia.org/wiki/National_Stadium_(Uganda)
McLane Stadium,https://en.wikipedia.org/wiki/McLane_Stadium
Stadion Miejski (Wrocław),https://en.wikipedia.org/wiki/Stadion_Miejski_(Wroc%C5%82aw)
Kazan Arena,https://en.wikipedia.org/wiki/Kazan_Arena
Estadio Garcilaso,https://en.wikipedia.org/wiki/Estadio_Garcilaso
Angel Stadium,https://en.wikipedia.org/wiki/Angel_Stadium
Estádio Olímpico do Pará,https://en.wikipedia.org/wiki/Est%C3%A1dio_Ol%C3%ADmpico_do_Par%C3%A1
Gelora Bung Tomo Stadium,https://en.wikipedia.org/wiki/Gelora_Bung_Tomo_Stadium
Saparmurat Turkmenbashi Olympic Stadium,https://en.wikipedia.org/wiki/Saparmurat_Turkmenbashi_Olympic_Stadium
Harapan Bangsa Stadium,https://en.wikipedia.org/wiki/Harapan_Bangsa_Stadium
"National Hockey Stadium, Lahore","https://en.wikipedia.org/wiki/National_Hockey_Stadium,_Lahore"
Arena Corinthians,https://en.wikipedia.org/wiki/Arena_Corinthians
Estadio Rommel Fernández,https://en.wikipedia.org/wiki/Estadio_Rommel_Fern%C3%A1ndez
Bangabandhu National Stadium,https://en.wikipedia.org/wiki/Bangabandhu_National_Stadium
Barabati Stadium,https://en.wikipedia.org/wiki/Barabati_Stadium
Vidarbha Cricket Association Stadium,https://en.wikipedia.org/wiki/Vidarbha_Cricket_Association_Stadium
Abbasiyyin Stadium,https://en.wikipedia.org/wiki/Abbasiyyin_Stadium
Allianz Parque,https://en.wikipedia.org/wiki/Allianz_Parque
Kobe Universiade Memorial Stadium,https://en.wikipedia.org/wiki/Kobe_Universiade_Memorial_Stadium
Qingdao Guoxin Stadium,https://en.wikipedia.org/wiki/Qingdao_Guoxin_Stadium
Roop Singh Stadium,https://en.wikipedia.org/wiki/Roop_Singh_Stadium
Estádio da Machava,https://en.wikipedia.org/wiki/Est%C3%A1dio_da_Machava
Estádio Universitário Pedro Pedrossian,https://en.wikipedia.org/wiki/Est%C3%A1dio_Universit%C3%A1rio_Pedro_Pedrossian
Fatorda Stadium,https://en.wikipedia.org/wiki/Fatorda_Stadium
Fez Stadium,https://en.wikipedia.org/wiki/Fez_Stadium
Free State Stadium,https://en.wikipedia.org/wiki/Free_State_Stadium
Green Park Stadium,https://en.wikipedia.org/wiki/Green_Park_Stadium
Rostov Arena,https://en.wikipedia.org/wiki/Rostov_Arena
Stade El Menzah,https://en.wikipedia.org/wiki/Stade_El_Menzah
Toyota Stadium (Japan),https://en.wikipedia.org/wiki/Toyota_Stadium_(Japan)
Citi Field,https://en.wikipedia.org/wiki/Citi_Field
Yantai Sports Park Stadium,https://en.wikipedia.org/wiki/Yantai_Sports_Park_Stadium
Panathenaic Stadium,https://en.wikipedia.org/wiki/Panathenaic_Stadium
Stade de Marrakech,https://en.wikipedia.org/wiki/Stade_de_Marrakech
Stade Omar Bongo,https://en.wikipedia.org/wiki/Stade_Omar_Bongo
Lagos National Stadium,https://en.wikipedia.org/wiki/Lagos_National_Stadium
Grand Stade de Tanger,https://en.wikipedia.org/wiki/Grand_Stade_de_Tanger
Zibo Sports Center Stadium,https://en.wikipedia.org/wiki/Zibo_Sports_Center_Stadium
Weifang Sports Center Stadium,https://en.wikipedia.org/wiki/Weifang_Sports_Center_Stadium
Orlando Stadium,https://en.wikipedia.org/wiki/Orlando_Stadium
Zayed Sports City Stadium,https://en.wikipedia.org/wiki/Zayed_Sports_City_Stadium
Wankhede Stadium,https://en.wikipedia.org/wiki/Wankhede_Stadium
Kanchenjunga Stadium,https://en.wikipedia.org/wiki/Kanchenjunga_Stadium
Latakia Sports City Stadium,https://en.wikipedia.org/wiki/Latakia_Sports_City_Stadium
Samara Arena,https://en.wikipedia.org/wiki/Samara_Arena
Nizhny Novgorod Stadium,https://en.wikipedia.org/wiki/Nizhny_Novgorod_Stadium
Alumni Stadium,https://en.wikipedia.org/wiki/Alumni_Stadium
Arena Amazonia,https://en.wikipedia.org/wiki/Arena_Amazonia
Cần Thơ Stadium,https://en.wikipedia.org/wiki/C%E1%BA%A7n_Th%C6%A1_Stadium
Bounce House,https://en.wikipedia.org/wiki/Bounce_House
Estádio Governador Alberto Tavares Silva,https://en.wikipedia.org/wiki/Est%C3%A1dio_Governador_Alberto_Tavares_Silva
Gwangju World Cup Stadium,https://en.wikipedia.org/wiki/Gwangju_World_Cup_Stadium
Ulsan Munsu Football Stadium,https://en.wikipedia.org/wiki/Ulsan_Munsu_Football_Stadium
Amon G. Carter Stadium,https://en.wikipedia.org/wiki/Amon_G._Carter_Stadium
Levy Mwanawasa Stadium,https://en.wikipedia.org/wiki/Levy_Mwanawasa_Stadium
Suwon World Cup Stadium,https://en.wikipedia.org/wiki/Suwon_World_Cup_Stadium
Riau Main Stadium,https://en.wikipedia.org/wiki/Riau_Main_Stadium
Shandong Provincial Stadium,https://en.wikipedia.org/wiki/Shandong_Provincial_Stadium
Vasil Levski National Stadium,https://en.wikipedia.org/wiki/Vasil_Levski_National_Stadium
PGE Arena Gdańsk,https://en.wikipedia.org/wiki/PGE_Arena_Gda%C5%84sk
Citizens Bank Park,https://en.wikipedia.org/wiki/Citizens_Bank_Park
Mbombela Stadium,https://en.wikipedia.org/wiki/Mbombela_Stadium
El Nuevo Gasómetro,https://en.wikipedia.org/wiki/El_Nuevo_Gas%C3%B3metro
Jeonju World Cup Stadium,https://en.wikipedia.org/wiki/Jeonju_World_Cup_Stadium
Progressive Field,https://en.wikipedia.org/wiki/Progressive_Field
Stadion Miejski (Poznań),https://en.wikipedia.org/wiki/Stadion_Miejski_(Pozna%C5%84)
Ōita Bank Dome,https://en.wikipedia.org/wiki/%C5%8Cita_Bank_Dome
Reser Stadium,https://en.wikipedia.org/wiki/Reser_Stadium
Stadio Artemio Franchi,https://en.wikipedia.org/wiki/Stadio_Artemio_Franchi
Saifai International Cricket Stadium,https://en.wikipedia.org/wiki/Saifai_International_Cricket_Stadium
Estadio Universidad San Marcos,https://en.wikipedia.org/wiki/Estadio_Universidad_San_Marcos
Fitzgerald Stadium,https://en.wikipedia.org/wiki/Fitzgerald_Stadium
Arena Pantanal,https://en.wikipedia.org/wiki/Arena_Pantanal
Ullevi,https://en.wikipedia.org/wiki/Ullevi
Arena das Dunas,https://en.wikipedia.org/wiki/Arena_das_Dunas
Sapporo Dome,https://en.wikipedia.org/wiki/Sapporo_Dome
Villa Park,https://en.wikipedia.org/wiki/Villa_Park
Zhuzhou Stadium,https://en.wikipedia.org/wiki/Zhuzhou_Stadium
Estadio Cuauhtémoc,https://en.wikipedia.org/wiki/Estadio_Cuauht%C3%A9moc
Vodafone Stadium,https://en.wikipedia.org/wiki/Vodafone_Stadium
Estadio Metropolitano de Mérida,https://en.wikipedia.org/wiki/Estadio_Metropolitano_de_M%C3%A9rida
St. Jakob-Park,https://en.wikipedia.org/wiki/St._Jakob-Park
Perak Stadium,https://en.wikipedia.org/wiki/Perak_Stadium
Weserstadion,https://en.wikipedia.org/wiki/Weserstadion
Kanjuruhan Stadium,https://en.wikipedia.org/wiki/Kanjuruhan_Stadium
Petco Park,https://en.wikipedia.org/wiki/Petco_Park
Tohoku Electric Power Big Swan Stadium,https://en.wikipedia.org/wiki/Tohoku_Electric_Power_Big_Swan_Stadium
Jeju World Cup Stadium,https://en.wikipedia.org/wiki/Jeju_World_Cup_Stadium
American Family Field,https://en.wikipedia.org/wiki/American_Family_Field
Nouveau Stade de Bordeaux,https://en.wikipedia.org/wiki/Nouveau_Stade_de_Bordeaux
Great American Ball Park,https://en.wikipedia.org/wiki/Great_American_Ball_Park
Stamford Bridge (stadium),https://en.wikipedia.org/wiki/Stamford_Bridge_(stadium)
Estádio do Zimpeto,https://en.wikipedia.org/wiki/Est%C3%A1dio_do_Zimpeto
The Gabba,https://en.wikipedia.org/wiki/The_Gabba
McHale Park,https://en.wikipedia.org/wiki/McHale_Park
Estadio Universitario (UANL),https://en.wikipedia.org/wiki/Estadio_Universitario_(UANL)
Arena da Baixada,https://en.wikipedia.org/wiki/Arena_da_Baixada
Chengdu Sports Centre,https://en.wikipedia.org/wiki/Chengdu_Sports_Centre
Stade Geoffroy-Guichard,https://en.wikipedia.org/wiki/Stade_Geoffroy-Guichard
Estadio Hernando Siles,https://en.wikipedia.org/wiki/Estadio_Hernando_Siles
Royal Bafokeng Stadium,https://en.wikipedia.org/wiki/Royal_Bafokeng_Stadium
Darul Makmur Stadium,https://en.wikipedia.org/wiki/Darul_Makmur_Stadium
Nationals Park,https://en.wikipedia.org/wiki/Nationals_Park
Estadio Gigante de Arroyito,https://en.wikipedia.org/wiki/Estadio_Gigante_de_Arroyito
Stadio Friuli,https://en.wikipedia.org/wiki/Stadio_Friuli
Estádio Serra Dourada,https://en.wikipedia.org/wiki/Est%C3%A1dio_Serra_Dourada
Juventus Stadium,https://en.wikipedia.org/wiki/Juventus_Stadium
Wuyuan River Stadium,https://en.wikipedia.org/wiki/Wuyuan_River_Stadium
Oracle Park,https://en.wikipedia.org/wiki/Oracle_Park
Estadio Morelos,https://en.wikipedia.org/wiki/Estadio_Morelos
Vanderbilt Stadium,https://en.wikipedia.org/wiki/Vanderbilt_Stadium
Goyang Stadium,https://en.wikipedia.org/wiki/Goyang_Stadium
Polideportivo Cachamay,https://en.wikipedia.org/wiki/Polideportivo_Cachamay
Daejeon World Cup Stadium,https://en.wikipedia.org/wiki/Daejeon_World_Cup_Stadium
Plaza México,https://en.wikipedia.org/wiki/Plaza_M%C3%A9xico
Stade Félix-Bollaert,https://en.wikipedia.org/wiki/Stade_F%C3%A9lix-Bollaert
Canvas Stadium,https://en.wikipedia.org/wiki/Canvas_Stadium
Truist Park,https://en.wikipedia.org/wiki/Truist_Park
Wrigley Field,https://en.wikipedia.org/wiki/Wrigley_Field
Comerica Park,https://en.wikipedia.org/wiki/Comerica_Park
Dynama Stadium (Minsk),https://en.wikipedia.org/wiki/Dynama_Stadium_(Minsk)
Bulldog Stadium,https://en.wikipedia.org/wiki/Bulldog_Stadium
M. M. Roberts Stadium,https://en.wikipedia.org/wiki/M._M._Roberts_Stadium
Estadio Olímpico Atahualpa,https://en.wikipedia.org/wiki/Estadio_Ol%C3%ADmpico_Atahualpa
Minute Maid Park,https://en.wikipedia.org/wiki/Minute_Maid_Park
Estadio Atanasio Girardot,https://en.wikipedia.org/wiki/Estadio_Atanasio_Girardot
Suzhou Olympic Sports Centre,https://en.wikipedia.org/wiki/Suzhou_Olympic_Sports_Centre
Kauffman Stadium,https://en.wikipedia.org/wiki/Kauffman_Stadium
Estadio Defensores del Chaco,https://en.wikipedia.org/wiki/Estadio_Defensores_del_Chaco
Kashima Soccer Stadium,https://en.wikipedia.org/wiki/Kashima_Soccer_Stadium
Estadio Campeón del Siglo,https://en.wikipedia.org/wiki/Estadio_Campe%C3%B3n_del_Siglo
Ladd–Peebles Stadium,https://en.wikipedia.org/wiki/Ladd%E2%80%93Peebles_Stadium
Guaranteed Rate Field,https://en.wikipedia.org/wiki/Guaranteed_Rate_Field
Helsinki Olympic Stadium,https://en.wikipedia.org/wiki/Helsinki_Olympic_Stadium
Baotou Olympic Sports Centre Stadium (page does not exist),https://en.wikipedia.org/w/index.php?title=Baotou_Olympic_Sports_Centre_Stadium&action=edit&redlink=1
Estadio Couto Pereira,https://en.wikipedia.org/wiki/Estadio_Couto_Pereira
Estadi Cornellà-El Prat,https://en.wikipedia.org/wiki/Estadi_Cornell%C3%A0-El_Prat
Nagoya Dome,https://en.wikipedia.org/wiki/Nagoya_Dome
Estadio Ciudad de Lanús – Néstor Díaz Pérez,https://en.wikipedia.org/wiki/Estadio_Ciudad_de_Lan%C3%BAs_%E2%80%93_N%C3%A9stor_D%C3%ADaz_P%C3%A9rez
Estadio Metropolitano de Fútbol de Lara,https://en.wikipedia.org/wiki/Estadio_Metropolitano_de_F%C3%BAtbol_de_Lara
Globe Life Field,https://en.wikipedia.org/wiki/Globe_Life_Field
Papua Bangkit Stadium,https://en.wikipedia.org/wiki/Papua_Bangkit_Stadium
Estádio do Pacaembu,https://en.wikipedia.org/wiki/Est%C3%A1dio_do_Pacaembu
Mỹ Đình National Stadium,https://en.wikipedia.org/wiki/M%E1%BB%B9_%C4%90%C3%ACnh_National_Stadium
Goodison Park,https://en.wikipedia.org/wiki/Goodison_Park
Estadio George Capwell,https://en.wikipedia.org/wiki/Estadio_George_Capwell
Metalist Oblast Sports Complex,https://en.wikipedia.org/wiki/Metalist_Oblast_Sports_Complex
Jawaharlal Nehru Stadium (Kochi),https://en.wikipedia.org/wiki/Jawaharlal_Nehru_Stadium_(Kochi)
Paris La Défense Arena,https://en.wikipedia.org/wiki/Paris_La_D%C3%A9fense_Arena
Jawaharlal Nehru Stadium (Chennai),https://en.wikipedia.org/wiki/Jawaharlal_Nehru_Stadium_(Chennai)
Al-Shaab Stadium,https://en.wikipedia.org/wiki/Al-Shaab_Stadium
Batakan Stadium,https://en.wikipedia.org/wiki/Batakan_Stadium
TDECU Stadium,https://en.wikipedia.org/wiki/TDECU_Stadium
Hang Jebat Stadium,https://en.wikipedia.org/wiki/Hang_Jebat_Stadium
Peoples Football Stadium,https://en.wikipedia.org/wiki/Peoples_Football_Stadium
Castelão (Maranhão),https://en.wikipedia.org/wiki/Castel%C3%A3o_(Maranh%C3%A3o)
Stade Mohamed Hamlaoui,https://en.wikipedia.org/wiki/Stade_Mohamed_Hamlaoui
Hong Kong Stadium,https://en.wikipedia.org/wiki/Hong_Kong_Stadium
JRD Tata Sports Complex,https://en.wikipedia.org/wiki/JRD_Tata_Sports_Complex
M. Chinnaswamy Stadium,https://en.wikipedia.org/wiki/M._Chinnaswamy_Stadium
March 28 Stadium,https://en.wikipedia.org/wiki/March_28_Stadium
Negeri Pulau Pinang Stadium,https://en.wikipedia.org/wiki/Negeri_Pulau_Pinang_Stadium
Accra Sports Stadium,https://en.wikipedia.org/wiki/Accra_Sports_Stadium
Pratt & Whitney Stadium at Rentschler Field,https://en.wikipedia.org/wiki/Pratt_%26_Whitney_Stadium_at_Rentschler_Field
Sarawak Stadium,https://en.wikipedia.org/wiki/Sarawak_Stadium
Stade d'Angondjé,https://en.wikipedia.org/wiki/Stade_d%27Angondj%C3%A9
Bo'an Stadium,https://en.wikipedia.org/wiki/Bo%27an_Stadium
Kunming Tuodong Sports Center,https://en.wikipedia.org/wiki/Kunming_Tuodong_Sports_Center
Vidarbha Cricket Association Ground,https://en.wikipedia.org/wiki/Vidarbha_Cricket_Association_Ground
R. Premadasa Stadium,https://en.wikipedia.org/wiki/R._Premadasa_Stadium
Bogyoke Aung San Stadium,https://en.wikipedia.org/wiki/Bogyoke_Aung_San_Stadium
Wuhu Olympic Stadium,https://en.wikipedia.org/wiki/Wuhu_Olympic_Stadium
Nippert Stadium,https://en.wikipedia.org/wiki/Nippert_Stadium
Hauptstadion,https://en.wikipedia.org/wiki/Hauptstadion
Xining Stadium,https://en.wikipedia.org/wiki/Xining_Stadium
Shaoxing China Textile City Sports Center,https://en.wikipedia.org/wiki/Shaoxing_China_Textile_City_Sports_Center
Bao'an Stadium,https://en.wikipedia.org/wiki/Bao%27an_Stadium
Anqing Sports Centre Stadium,https://en.wikipedia.org/wiki/Anqing_Sports_Centre_Stadium
West Ham Stadium,https://en.wikipedia.org/wiki/West_Ham_Stadium
"Central Stadium (Leipzig, GDR)","https://en.wikipedia.org/wiki/Central_Stadium_(Leipzig,_GDR)"
John F. Kennedy Stadium (Philadelphia),https://en.wikipedia.org/wiki/John_F._Kennedy_Stadium_(Philadelphia)
Tower Athletic Ground,https://en.wikipedia.org/wiki/Tower_Athletic_Ground
Kirov Stadium,https://en.wikipedia.org/wiki/Kirov_Stadium
White City Stadium,https://en.wikipedia.org/wiki/White_City_Stadium
Estádio das Antas,https://en.wikipedia.org/wiki/Est%C3%A1dio_das_Antas
Centennial Olympic Stadium,https://en.wikipedia.org/wiki/Centennial_Olympic_Stadium
Pontiac Silverdome,https://en.wikipedia.org/wiki/Pontiac_Silverdome
Cleveland Stadium,https://en.wikipedia.org/wiki/Cleveland_Stadium
Tulane Stadium,https://en.wikipedia.org/wiki/Tulane_Stadium
Giants Stadium,https://en.wikipedia.org/wiki/Giants_Stadium
Georgia Dome,https://en.wikipedia.org/wiki/Georgia_Dome
Waverley Park,https://en.wikipedia.org/wiki/Waverley_Park
Mile High Stadium,https://en.wikipedia.org/wiki/Mile_High_Stadium
Miami Orange Bowl,https://en.wikipedia.org/wiki/Miami_Orange_Bowl
Tampa Stadium,https://en.wikipedia.org/wiki/Tampa_Stadium
Gator Bowl Stadium,https://en.wikipedia.org/wiki/Gator_Bowl_Stadium
Madison Square Garden Bowl,https://en.wikipedia.org/wiki/Madison_Square_Garden_Bowl
10th-Anniversary Stadium,https://en.wikipedia.org/wiki/10th-Anniversary_Stadium
San Diego Stadium,https://en.wikipedia.org/wiki/San_Diego_Stadium
Candlestick Park,https://en.wikipedia.org/wiki/Candlestick_Park
Stadio delle Alpi,https://en.wikipedia.org/wiki/Stadio_delle_Alpi
Kingdome,https://en.wikipedia.org/wiki/Kingdome
Texas Stadium,https://en.wikipedia.org/wiki/Texas_Stadium
Veterans Stadium,https://en.wikipedia.org/wiki/Veterans_Stadium
Wulihe Stadium,https://en.wikipedia.org/wiki/Wulihe_Stadium
Meiji Shrine Outer Park Stadium,https://en.wikipedia.org/wiki/Meiji_Shrine_Outer_Park_Stadium
Hubert H. Humphrey Metrodome,https://en.wikipedia.org/wiki/Hubert_H._Humphrey_Metrodome
Wankdorf Stadium,https://en.wikipedia.org/wiki/Wankdorf_Stadium
Deutsches Stadion (Berlin),https://en.wikipedia.org/wiki/Deutsches_Stadion_(Berlin)
Astrodome,https://en.wikipedia.org/wiki/Astrodome
Atlanta–Fulton County Stadium,https://en.wikipedia.org/wiki/Atlanta%E2%80%93Fulton_County_Stadium
Foxboro Stadium,https://en.wikipedia.org/wiki/Foxboro_Stadium
Pitt Stadium,https://en.wikipedia.org/wiki/Pitt_Stadium
Stadionul Național (1953),https://en.wikipedia.org/wiki/Stadionul_Na%C8%9Bional_(1953)
"Station Road, Swinton","https://en.wikipedia.org/wiki/Station_Road,_Swinton"
Stadion Edmunda Szyca,https://en.wikipedia.org/wiki/Stadion_Edmunda_Szyca
Central Park (Wigan),https://en.wikipedia.org/wiki/Central_Park_(Wigan)
Camp de Les Corts,https://en.wikipedia.org/wiki/Camp_de_Les_Corts
Olympic Stadium (Grenoble),https://en.wikipedia.org/wiki/Olympic_Stadium_(Grenoble)
Riverfront Stadium,https://en.wikipedia.org/wiki/Riverfront_Stadium
Kezar Stadium,https://en.wikipedia.org/wiki/Kezar_Stadium
Three Rivers Stadium,https://en.wikipedia.org/wiki/Three_Rivers_Stadium
RCA Dome,https://en.wikipedia.org/wiki/RCA_Dome
Shea Stadium,https://en.wikipedia.org/wiki/Shea_Stadium
Yankee Stadium (1923),https://en.wikipedia.org/wiki/Yankee_Stadium_(1923)
Memorial Stadium (University of Minnesota),https://en.wikipedia.org/wiki/Memorial_Stadium_(University_of_Minnesota)
Victoria Ground,https://en.wikipedia.org/wiki/Victoria_Ground
Estadio Gasómetro,https://en.wikipedia.org/wiki/Estadio_Gas%C3%B3metro
Polo Grounds,https://en.wikipedia.org/wiki/Polo_Grounds
"National Stadium, Singapore","https://en.wikipedia.org/wiki/National_Stadium,_Singapore"
Vicente Calderon Stadium,https://en.wikipedia.org/wiki/Vicente_Calderon_Stadium
Rheinstadion,https://en.wikipedia.org/wiki/Rheinstadion
Memorial Stadium (Baltimore),https://en.wikipedia.org/wiki/Memorial_Stadium_(Baltimore)
Milwaukee County Stadium,https://en.wikipedia.org/wiki/Milwaukee_County_Stadium
Cardiff Arms Park,https://en.wikipedia.org/wiki/Cardiff_Arms_Park
Tiger Stadium (Detroit),https://en.wikipedia.org/wiki/Tiger_Stadium_(Detroit)
Estádio José Alvalade (1956),https://en.wikipedia.org/wiki/Est%C3%A1dio_Jos%C3%A9_Alvalade_(1956)
Idrætsparken,https://en.wikipedia.org/wiki/Idr%C3%A6tsparken
Football Park,https://en.wikipedia.org/wiki/Football_Park
Cathkin Park,https://en.wikipedia.org/wiki/Cathkin_Park
Celtic Park (Belfast),https://en.wikipedia.org/wiki/Celtic_Park_(Belfast)
Stadio Nazionale PNF,https://en.wikipedia.org/wiki/Stadio_Nazionale_PNF
Stadion Eden (1953),https://en.wikipedia.org/wiki/Stadion_Eden_(1953)
Stadion der Weltjugend,https://en.wikipedia.org/wiki/Stadion_der_Weltjugend
The Mount (stadium),https://en.wikipedia.org/wiki/The_Mount_(stadium)
Bank Street (football ground),https://en.wikipedia.org/wiki/Bank_Street_(football_ground)
Korakuen Stadium,https://en.wikipedia.org/wiki/Korakuen_Stadium
Stagg Field,https://en.wikipedia.org/wiki/Stagg_Field
Stadion Za Lužánkami,https://en.wikipedia.org/wiki/Stadion_Za_Lu%C5%BE%C3%A1nkami
Harringay Stadium,https://en.wikipedia.org/wiki/Harringay_Stadium
Busch Memorial Stadium,https://en.wikipedia.org/wiki/Busch_Memorial_Stadium
Turner Field,https://en.wikipedia.org/wiki/Turner_Field
Lansdowne Road,https://en.wikipedia.org/wiki/Lansdowne_Road
Metropolitan Stadium,https://en.wikipedia.org/wiki/Metropolitan_Stadium
Cardinal Stadium (1956),https://en.wikipedia.org/wiki/Cardinal_Stadium_(1956)
War Memorial Stadium (Buffalo),https://en.wikipedia.org/wiki/War_Memorial_Stadium_(Buffalo)
Lea Bridge Road,https://en.wikipedia.org/wiki/Lea_Bridge_Road
Sydney Football Stadium,https://en.wikipedia.org/wiki/Sydney_Football_Stadium
Parkstadion,https://en.wikipedia.org/wiki/Parkstadion
Fallowfield Stadium,https://en.wikipedia.org/wiki/Fallowfield_Stadium
Comiskey Park,https://en.wikipedia.org/wiki/Comiskey_Park
Exhibition Stadium,https://en.wikipedia.org/wiki/Exhibition_Stadium
Estadi de Sarrià,https://en.wikipedia.org/wiki/Estadi_de_Sarri%C3%A0
Arlington Stadium,https://en.wikipedia.org/wiki/Arlington_Stadium
Subiaco Oval,https://en.wikipedia.org/wiki/Subiaco_Oval
Tournament Park,https://en.wikipedia.org/wiki/Tournament_Park
Palmer Stadium,https://en.wikipedia.org/wiki/Palmer_Stadium
"Athletic Grounds, Rochdale","https://en.wikipedia.org/wiki/Athletic_Grounds,_Rochdale"
Stadio della Vittoria,https://en.wikipedia.org/wiki/Stadio_della_Vittoria
Fartown Ground,https://en.wikipedia.org/wiki/Fartown_Ground
Hyde Road (stadium),https://en.wikipedia.org/wiki/Hyde_Road_(stadium)
Springfield Park (Wigan),https://en.wikipedia.org/wiki/Springfield_Park_(Wigan)
Park Royal,https://en.wikipedia.org/wiki/Park_Royal
Grugastadion,https://en.wikipedia.org/wiki/Grugastadion
Stadio Giorgio Ascarelli,https://en.wikipedia.org/wiki/Stadio_Giorgio_Ascarelli
Estadio Nacional de Peru (1897),https://en.wikipedia.org/wiki/Estadio_Nacional_de_Peru_(1897)
Parque Pereira,https://en.wikipedia.org/wiki/Parque_Pereira
Estadio Alvear y Tagle,https://en.wikipedia.org/wiki/Estadio_Alvear_y_Tagle
Braves Field,https://en.wikipedia.org/wiki/Braves_Field
Stade Vélodrome de Rocourt,https://en.wikipedia.org/wiki/Stade_V%C3%A9lodrome_de_Rocourt
Eastville Stadium,https://en.wikipedia.org/wiki/Eastville_Stadium
Athletic Park (Wellington),https://en.wikipedia.org/wiki/Athletic_Park_(Wellington)
Ferenc Puskas Stadium,https://en.wikipedia.org/wiki/Ferenc_Puskas_Stadium
Lancaster Park,https://en.wikipedia.org/wiki/Lancaster_Park
Parken,https://en.wikipedia.org/wiki/Parken
Arsenal Stadium,https://en.wikipedia.org/wiki/Arsenal_Stadium
Mountaineer Field (1924),https://en.wikipedia.org/wiki/Mountaineer_Field_(1924)
Stoll Field/McLean Stadium,https://en.wikipedia.org/wiki/Stoll_Field/McLean_Stadium
St. Jakob Stadium,https://en.wikipedia.org/wiki/St._Jakob_Stadium
Goldstone Ground,https://en.wikipedia.org/wiki/Goldstone_Ground
Råsunda Stadium,https://en.wikipedia.org/wiki/R%C3%A5sunda_Stadium
Dynamo Stadium (Moscow),https://en.wikipedia.org/wiki/Dynamo_Stadium_(Moscow)
Estadio Tecnológico,https://en.wikipedia.org/wiki/Estadio_Tecnol%C3%B3gico
White Hart Lane,https://en.wikipedia.org/wiki/White_Hart_Lane
Estadio Metropolitano de Madrid,https://en.wikipedia.org/wiki/Estadio_Metropolitano_de_Madrid
Municipal Stadium (Kansas City),https://en.wikipedia.org/wiki/Municipal_Stadium_(Kansas_City)
Stadion am Gesundbrunnen,https://en.wikipedia.org/wiki/Stadion_am_Gesundbrunnen
Maine Road,https://en.wikipedia.org/wiki/Maine_Road
Yuri Gagarin Stadium,https://en.wikipedia.org/wiki/Yuri_Gagarin_Stadium
Forbes Field,https://en.wikipedia.org/wiki/Forbes_Field
Clyde Williams Stadium,https://en.wikipedia.org/wiki/Clyde_Williams_Stadium
Hankyu Nishinomiya Stadium,https://en.wikipedia.org/wiki/Hankyu_Nishinomiya_Stadium
Central Stadium (Tbilisi),https://en.wikipedia.org/wiki/Central_Stadium_(Tbilisi)
Incheon Civil Stadium,https://en.wikipedia.org/wiki/Incheon_Civil_Stadium
Kings Park Soccer Stadium,https://en.wikipedia.org/wiki/Kings_Park_Soccer_Stadium
Théâtre des Cérémonies,https://en.wikipedia.org/wiki/Th%C3%A9%C3%A2tre_des_C%C3%A9r%C3%A9monies
Estádio do Lumiar,https://en.wikipedia.org/wiki/Est%C3%A1dio_do_Lumiar
Tokyo Stadium (1962),https://en.wikipedia.org/wiki/Tokyo_Stadium_(1962)
Junak Stadium,https://en.wikipedia.org/wiki/Junak_Stadium
Brookside Stadium,https://en.wikipedia.org/wiki/Brookside_Stadium
Bökelbergstadion,https://en.wikipedia.org/wiki/B%C3%B6kelbergstadion
Temple Stadium,https://en.wikipedia.org/wiki/Temple_Stadium
Shibe Park,https://en.wikipedia.org/wiki/Shibe_Park
Autostade,https://en.wikipedia.org/wiki/Autostade
"Manor Ground, Plumstead","https://en.wikipedia.org/wiki/Manor_Ground,_Plumstead"
Estádio D. Afonso Henriques (1965),https://en.wikipedia.org/wiki/Est%C3%A1dio_D._Afonso_Henriques_(1965)
Colt Stadium,https://en.wikipedia.org/wiki/Colt_Stadium
Yale Field (1884),https://en.wikipedia.org/wiki/Yale_Field_(1884)
Sonny Lubick Field at Hughes Stadium,https://en.wikipedia.org/wiki/Sonny_Lubick_Field_at_Hughes_Stadium
Stadion Zagłębia Lubin (1985),https://en.wikipedia.org/wiki/Stadion_Zag%C5%82%C4%99bia_Lubin_(1985)
Empire Stadium (Vancouver),https://en.wikipedia.org/wiki/Empire_Stadium_(Vancouver)
Ebbets Field,https://en.wikipedia.org/wiki/Ebbets_Field
Baker Field,https://en.wikipedia.org/wiki/Baker_Field
Fujiidera Stadium,https://en.wikipedia.org/wiki/Fujiidera_Stadium
Anlaby Road,https://en.wikipedia.org/wiki/Anlaby_Road
Rice Stadium (University of Utah),https://en.wikipedia.org/wiki/Rice_Stadium_(University_of_Utah)
Hiroshima Municipal Stadium (1957),https://en.wikipedia.org/wiki/Hiroshima_Municipal_Stadium_(1957)
Rutgers Stadium (1938),https://en.wikipedia.org/wiki/Rutgers_Stadium_(1938)
Sportsman's Park,https://en.wikipedia.org/wiki/Sportsman%27s_Park
Wedaustadion,https://en.wikipedia.org/wiki/Wedaustadion
Empire Stadium (Gżira),https://en.wikipedia.org/wiki/Empire_Stadium_(G%C5%BCira)
Fouts Field,https://en.wikipedia.org/wiki/Fouts_Field
Muntz Street,https://en.wikipedia.org/wiki/Muntz_Street
Roker Park,https://en.wikipedia.org/wiki/Roker_Park
Stade Richter,https://en.wikipedia.org/wiki/Stade_Richter
Stadio Filadelfia,https://en.wikipedia.org/wiki/Stadio_Filadelfia
"Stadionul Municipal (Brașov, old)","https://en.wikipedia.org/wiki/Stadionul_Municipal_(Bra%C8%99ov,_old)"
Cartier Field,https://en.wikipedia.org/wiki/Cartier_Field
DU Stadium,https://en.wikipedia.org/wiki/DU_Stadium
New Beaver Field,https://en.wikipedia.org/wiki/New_Beaver_Field
Dongdaemun Stadium,https://en.wikipedia.org/wiki/Dongdaemun_Stadium
Estadio Racing Club,https://en.wikipedia.org/wiki/Estadio_Racing_Club
Estadio Sportivo Barracas,https://en.wikipedia.org/wiki/Estadio_Sportivo_Barracas
Tehelné pole,https://en.wikipedia.org/wiki/Teheln%C3%A9_pole
Iowa Field,https://en.wikipedia.org/wiki/Iowa_Field
Honsellstrasse Stadion,https://en.wikipedia.org/wiki/Honsellstrasse_Stadion
Grigory Fedotov Stadium,https://en.wikipedia.org/wiki/Grigory_Fedotov_Stadium
Metalurh Stadium (Kryvyi Rih),https://en.wikipedia.org/wiki/Metalurh_Stadium_(Kryvyi_Rih)
Muirton Park,https://en.wikipedia.org/wiki/Muirton_Park
Carisbrook,https://en.wikipedia.org/wiki/Carisbrook
Douglas Park,https://en.wikipedia.org/wiki/Douglas_Park
Stadionul Steaua (1974),https://en.wikipedia.org/wiki/Stadionul_Steaua_(1974)
Nikos Goumas Stadium,https://en.wikipedia.org/wiki/Nikos_Goumas_Stadium
Ayresome Park,https://en.wikipedia.org/wiki/Ayresome_Park
New Cross Stadium,https://en.wikipedia.org/wiki/New_Cross_Stadium
The Nest (football ground),https://en.wikipedia.org/wiki/The_Nest_(football_ground)
Burnden Park,https://en.wikipedia.org/wiki/Burnden_Park
"Sheffield Park, Uckfield","https://en.wikipedia.org/wiki/Sheffield_Park,_Uckfield"
Don Valley Stadium,https://en.wikipedia.org/wiki/Don_Valley_Stadium
Al-Bayt Stadium,https://en.wikipedia.org/wiki/Al-Bayt_Stadium
Tokyo,https://en.wikipedia.org/wiki/Tokyo
Merkur Spiel-Arena,https://en.wikipedia.org/wiki/Merkur_Spiel-Arena
Docklands Stadium,https://en.wikipedia.org/wiki/Docklands_Stadium
Waldstadion (Frankfurt),https://en.wikipedia.org/wiki/Waldstadion_(Frankfurt)
Nationalarenan för fotboll,https://en.wikipedia.org/wiki/Nationalarenan_f%C3%B6r_fotboll
Tropicana Field,https://en.wikipedia.org/wiki/Tropicana_Field
Showa Denko Dome Oita,https://en.wikipedia.org/wiki/Showa_Denko_Dome_Oita
Al-Wakrah,https://en.wikipedia.org/wiki/Al-Wakrah
Fukuoka Yahuoku! Dome,https://en.wikipedia.org/wiki/Fukuoka_Yahuoku!_Dome
Parken Stadium,https://en.wikipedia.org/wiki/Parken_Stadium
Marlins Park,https://en.wikipedia.org/wiki/Marlins_Park
Saitama Super Arena,https://en.wikipedia.org/wiki/Saitama_Super_Arena
Kyocera Dome,https://en.wikipedia.org/wiki/Kyocera_Dome
Ordos Stadium,https://en.wikipedia.org/wiki/Ordos_Stadium
MetLife Dome,https://en.wikipedia.org/wiki/MetLife_Dome
Nantong Stadium,https://en.wikipedia.org/wiki/Nantong_Stadium
Forsyth Barr Stadium,https://en.wikipedia.org/wiki/Forsyth_Barr_Stadium
Kobe City Misaki Park Stadium,https://en.wikipedia.org/wiki/Kobe_City_Misaki_Park_Stadium
Astana Arena,https://en.wikipedia.org/wiki/Astana_Arena
Stockholm,https://en.wikipedia.org/wiki/Stockholm
GelreDome,https://en.wikipedia.org/wiki/GelreDome
Fargodome,https://en.wikipedia.org/wiki/Fargodome
Gocheok Sky Dome,https://en.wikipedia.org/wiki/Gocheok_Sky_Dome
UNI-Dome,https://en.wikipedia.org/wiki/UNI-Dome
Kibbie Dome,https://en.wikipedia.org/wiki/Kibbie_Dome
Nipro Hachiko Dome,https://en.wikipedia.org/wiki/Nipro_Hachiko_Dome
Alerus Center,https://en.wikipedia.org/wiki/Alerus_Center
Holt Arena,https://en.wikipedia.org/wiki/Holt_Arena
"Frisco, Texas","https://en.wikipedia.org/wiki/Frisco,_Texas"
Walkup Skydome,https://en.wikipedia.org/wiki/Walkup_Skydome
DakotaDome,https://en.wikipedia.org/wiki/DakotaDome
"Tacoma, Washington","https://en.wikipedia.org/wiki/Tacoma,_Washington"
ETSU/Mountain States Health Alliance Athletic Center,https://en.wikipedia.org/wiki/ETSU/Mountain_States_Health_Alliance_Athletic_Center
Superior Dome,https://en.wikipedia.org/wiki/Superior_Dome
Sportkompleks Illichivets,https://en.wikipedia.org/wiki/Sportkompleks_Illichivets
Round Valley Ensphere,https://en.wikipedia.org/wiki/Round_Valley_Ensphere
Ultimate Soccer Arenas,https://en.wikipedia.org/wiki/Ultimate_Soccer_Arenas
Arthur Ashe Stadium,https://en.wikipedia.org/wiki/Arthur_Ashe_Stadium
Stade Roland Garros,https://en.wikipedia.org/wiki/Stade_Roland_Garros#Court_Philippe_Chatrier
Centre Court,https://en.wikipedia.org/wiki/Centre_Court
Beijing,https://en.wikipedia.org/wiki/Beijing
Medellín,https://en.wikipedia.org/wiki/Medell%C3%ADn
Shanghai,https://en.wikipedia.org/wiki/Shanghai
Taipei,https://en.wikipedia.org/wiki/Taipei
Kaohsiung,https://en.wikipedia.org/wiki/Kaohsiung
"Taoyuan, Taiwan","https://en.wikipedia.org/wiki/Taoyuan,_Taiwan"
Rod Laver Arena,https://en.wikipedia.org/wiki/Rod_Laver_Arena
Louis Armstrong Stadium,https://en.wikipedia.org/wiki/Louis_Armstrong_Stadium
Perth Arena,https://en.wikipedia.org/wiki/Perth_Arena
Am Rothenbaum,https://en.wikipedia.org/wiki/Am_Rothenbaum
Caja Mágica,https://en.wikipedia.org/wiki/Caja_M%C3%A1gica
No. 1 Court (Wimbledon),https://en.wikipedia.org/wiki/No._1_Court_(Wimbledon)
Gerry Weber Stadion,https://en.wikipedia.org/wiki/Gerry_Weber_Stadion
Plaza de Toros de La Ribera,https://en.wikipedia.org/wiki/Plaza_de_Toros_de_La_Ribera
Iradier Arena,https://en.wikipedia.org/wiki/Iradier_Arena
Melbourne Arena,https://en.wikipedia.org/wiki/Melbourne_Arena
Ariake Coliseum,https://en.wikipedia.org/wiki/Ariake_Coliseum
Margaret Court Arena,https://en.wikipedia.org/wiki/Margaret_Court_Arena
Campo Pequeno bullring,https://en.wikipedia.org/wiki/Campo_Pequeno_bullring
Queensland Tennis Centre,https://en.wikipedia.org/wiki/Queensland_Tennis_Centre
Arènes de Metz,https://en.wikipedia.org/wiki/Ar%C3%A8nes_de_Metz
Kungliga tennishallen,https://en.wikipedia.org/wiki/Kungliga_tennishallen
Aqua Wing Arena,https://en.wikipedia.org/wiki/Aqua_Wing_Arena
Civic Arena (Pittsburgh),https://en.wikipedia.org/wiki/Civic_Arena_(Pittsburgh)
Jakarta International Stadium,https://en.wikipedia.org/wiki/Jakarta_International_Stadium
Kai Tak Stadium,https://en.wikipedia.org/wiki/Kai_Tak_Stadium
Taipei Dome,https://en.wikipedia.org/wiki/Taipei_Dome
ES CON Field Hokkaido,https://en.wikipedia.org/wiki/ES_CON_Field_Hokkaido
Estadio Mary Terán de Weiss,https://en.wikipedia.org/wiki/Estadio_Mary_Ter%C3%A1n_de_Weiss
All Net Resort and Arena,https://en.wikipedia.org/wiki/All_Net_Resort_and_Arena
ASB Tennis Centre,https://en.wikipedia.org/wiki/ASB_Tennis_Centre
Philippine Arena,https://en.wikipedia.org/wiki/Philippine_Arena
Baku Crystal Hall,https://en.wikipedia.org/wiki/Baku_Crystal_Hall
Mineirinho,https://en.wikipedia.org/wiki/Mineirinho
Mexico City Arena,https://en.wikipedia.org/wiki/Mexico_City_Arena
Štark Arena,https://en.wikipedia.org/wiki/%C5%A0tark_Arena
Greensboro Coliseum,https://en.wikipedia.org/wiki/Greensboro_Coliseum
United Center,https://en.wikipedia.org/wiki/United_Center
Sportpaleis,https://en.wikipedia.org/wiki/Sportpaleis
Tacoma Dome,https://en.wikipedia.org/wiki/Tacoma_Dome
Bell Centre,https://en.wikipedia.org/wiki/Bell_Centre
KFC Yum! Center,https://en.wikipedia.org/wiki/KFC_Yum!_Center
Tauron Arena Kraków,https://en.wikipedia.org/wiki/Tauron_Arena_Krak%C3%B3w
Enterprise Center,https://en.wikipedia.org/wiki/Enterprise_Center
Dean Smith Center,https://en.wikipedia.org/wiki/Dean_Smith_Center
Thompson–Boling Arena,https://en.wikipedia.org/wiki/Thompson%E2%80%93Boling_Arena
Ethias Arena,https://en.wikipedia.org/wiki/Ethias_Arena
Wells Fargo Center (Philadelphia),https://en.wikipedia.org/wiki/Wells_Fargo_Center_(Philadelphia)
Amalie Arena,https://en.wikipedia.org/wiki/Amalie_Arena
American Airlines Center,https://en.wikipedia.org/wiki/American_Airlines_Center
Qudos Bank Arena,https://en.wikipedia.org/wiki/Qudos_Bank_Arena
Manchester Arena,https://en.wikipedia.org/wiki/Manchester_Arena
PNC Arena,https://en.wikipedia.org/wiki/PNC_Arena
Madison Square Garden,https://en.wikipedia.org/wiki/Madison_Square_Garden
"BB&T Center (Sunrise, Florida)","https://en.wikipedia.org/wiki/BB%26T_Center_(Sunrise,_Florida)"
Rocket Mortgage FieldHouse,https://en.wikipedia.org/wiki/Rocket_Mortgage_FieldHouse
Rupp Arena,https://en.wikipedia.org/wiki/Rupp_Arena
Scotiabank Arena,https://en.wikipedia.org/wiki/Scotiabank_Arena
Target Center,https://en.wikipedia.org/wiki/Target_Center
Moda Center,https://en.wikipedia.org/wiki/Moda_Center
Little Caesars Arena,https://en.wikipedia.org/wiki/Little_Caesars_Arena
Capital One Arena,https://en.wikipedia.org/wiki/Capital_One_Arena
AccorHotels Arena,https://en.wikipedia.org/wiki/AccorHotels_Arena
Spectrum Center (arena),https://en.wikipedia.org/wiki/Spectrum_Center_(arena)
Pyongyang Gymnasium,https://en.wikipedia.org/wiki/Pyongyang_Gymnasium
New Budapest Arena,https://en.wikipedia.org/wiki/New_Budapest_Arena
Smart Araneta Coliseum,https://en.wikipedia.org/wiki/Smart_Araneta_Coliseum
Mall of Asia Arena,https://en.wikipedia.org/wiki/Mall_of_Asia_Arena
The O2 Arena,https://en.wikipedia.org/wiki/The_O2_Arena
Poliedro de Caracas,https://en.wikipedia.org/wiki/Poliedro_de_Caracas
Palacio de los Deportes,https://en.wikipedia.org/wiki/Palacio_de_los_Deportes
Cairo Stadium Indoor Halls Complex,https://en.wikipedia.org/wiki/Cairo_Stadium_Indoor_Halls_Complex
Altice Arena,https://en.wikipedia.org/wiki/Altice_Arena
Coliseo Amauta,https://en.wikipedia.org/wiki/Coliseo_Amauta
Yamada Green Dome Maebashi,https://en.wikipedia.org/wiki/Yamada_Green_Dome_Maebashi
Amway Center,https://en.wikipedia.org/wiki/Amway_Center
T-Mobile Arena,https://en.wikipedia.org/wiki/T-Mobile_Arena
Vikingskipet,https://en.wikipedia.org/wiki/Vikingskipet
Žalgiris Arena,https://en.wikipedia.org/wiki/%C5%BDalgiris_Arena
Lanxess Arena,https://en.wikipedia.org/wiki/Lanxess_Arena
Bridgestone Arena,https://en.wikipedia.org/wiki/Bridgestone_Arena
Nationwide Arena,https://en.wikipedia.org/wiki/Nationwide_Arena
PPG Paints Arena,https://en.wikipedia.org/wiki/PPG_Paints_Arena
Rogers Arena,https://en.wikipedia.org/wiki/Rogers_Arena
American Airlines Arena,https://en.wikipedia.org/wiki/American_Airlines_Arena
Oracle Arena,https://en.wikipedia.org/wiki/Oracle_Arena
TD Garden,https://en.wikipedia.org/wiki/TD_Garden
Ball Arena,https://en.wikipedia.org/wiki/Ball_Arena
Rogers Place,https://en.wikipedia.org/wiki/Rogers_Place
Vivint Smart Home Arena,https://en.wikipedia.org/wiki/Vivint_Smart_Home_Arena
Bud Walton Arena,https://en.wikipedia.org/wiki/Bud_Walton_Arena
Scotiabank Saddledome,https://en.wikipedia.org/wiki/Scotiabank_Saddledome
T-Mobile Center,https://en.wikipedia.org/wiki/T-Mobile_Center
O.A.C.A. Olympic Indoor Hall,https://en.wikipedia.org/wiki/O.A.C.A._Olympic_Indoor_Hall
KeyBank Center,https://en.wikipedia.org/wiki/KeyBank_Center
BOK Center,https://en.wikipedia.org/wiki/BOK_Center
SAP Center,https://en.wikipedia.org/wiki/SAP_Center
Staples Center,https://en.wikipedia.org/wiki/Staples_Center
Value City Arena,https://en.wikipedia.org/wiki/Value_City_Arena
Golden 1 Center,https://en.wikipedia.org/wiki/Golden_1_Center
Legacy Arena,https://en.wikipedia.org/wiki/Legacy_Arena
Toyota Center,https://en.wikipedia.org/wiki/Toyota_Center
FirstOntario Centre,https://en.wikipedia.org/wiki/FirstOntario_Centre
Gila River Arena,https://en.wikipedia.org/wiki/Gila_River_Arena
AT&T Center,https://en.wikipedia.org/wiki/AT%26T_Center
Marriott Center,https://en.wikipedia.org/wiki/Marriott_Center
CHI Health Center Omaha,https://en.wikipedia.org/wiki/CHI_Health_Center_Omaha
Honda Center,https://en.wikipedia.org/wiki/Honda_Center
Freedom Hall,https://en.wikipedia.org/wiki/Freedom_Hall
Jeunesse Arena,https://en.wikipedia.org/wiki/Jeunesse_Arena
Prudential Center,https://en.wikipedia.org/wiki/Prudential_Center
Thomas & Mack Center,https://en.wikipedia.org/wiki/Thomas_%26_Mack_Center
José Miguel Agrelot Coliseum,https://en.wikipedia.org/wiki/Jos%C3%A9_Miguel_Agrelot_Coliseum
Smoothie King Center,https://en.wikipedia.org/wiki/Smoothie_King_Center
Talking Stick Resort Arena,https://en.wikipedia.org/wiki/Talking_Stick_Resort_Arena
Gainbridge Fieldhouse,https://en.wikipedia.org/wiki/Gainbridge_Fieldhouse
Centre Vidéotron,https://en.wikipedia.org/wiki/Centre_Vid%C3%A9otron
Allstate Arena,https://en.wikipedia.org/wiki/Allstate_Arena
Chesapeake Energy Arena,https://en.wikipedia.org/wiki/Chesapeake_Energy_Arena
FedExForum,https://en.wikipedia.org/wiki/FedExForum
State Farm Arena (Atlanta),https://en.wikipedia.org/wiki/State_Farm_Arena_(Atlanta)
Cadillac Arena,https://en.wikipedia.org/wiki/Cadillac_Arena
Dalian Arena,https://en.wikipedia.org/wiki/Dalian_Arena
Beijing National Indoor Stadium,https://en.wikipedia.org/wiki/Beijing_National_Indoor_Stadium
Mercedes-Benz Arena (Shanghai),https://en.wikipedia.org/wiki/Mercedes-Benz_Arena_(Shanghai)
New Shenzhen Arena,https://en.wikipedia.org/wiki/New_Shenzhen_Arena
Shanghai Oriental Sports Center,https://en.wikipedia.org/wiki/Shanghai_Oriental_Sports_Center
Guangzhou International Sports Arena,https://en.wikipedia.org/wiki/Guangzhou_International_Sports_Arena
O2 Arena (Prague),https://en.wikipedia.org/wiki/O2_Arena_(Prague)
Coliseo El Pueblo,https://en.wikipedia.org/wiki/Coliseo_El_Pueblo
Indonesia Convention Exhibition,https://en.wikipedia.org/wiki/Indonesia_Convention_Exhibition
Unipol Arena,https://en.wikipedia.org/wiki/Unipol_Arena
M-Wave,https://en.wikipedia.org/wiki/M-Wave
Simmons Bank Arena,https://en.wikipedia.org/wiki/Simmons_Bank_Arena
Colonial Life Arena,https://en.wikipedia.org/wiki/Colonial_Life_Arena
Yas Bay Arena,https://en.wikipedia.org/wiki/Yas_Bay_Arena
Palau Sant Jordi,https://en.wikipedia.org/wiki/Palau_Sant_Jordi
Xcel Energy Center,https://en.wikipedia.org/wiki/Xcel_Energy_Center
"Xfinity Center (College Park, Maryland)","https://en.wikipedia.org/wiki/Xfinity_Center_(College_Park,_Maryland)"
Frank Erwin Center,https://en.wikipedia.org/wiki/Frank_Erwin_Center
Barclays Center,https://en.wikipedia.org/wiki/Barclays_Center
Monterrey Arena,https://en.wikipedia.org/wiki/Monterrey_Arena
U.S. Bank Arena,https://en.wikipedia.org/wiki/U.S._Bank_Arena
"The Forum (Inglewood, California)","https://en.wikipedia.org/wiki/The_Forum_(Inglewood,_California)"
Times Union Center,https://en.wikipedia.org/wiki/Times_Union_Center
KeyArena,https://en.wikipedia.org/wiki/KeyArena
Canadian Tire Centre,https://en.wikipedia.org/wiki/Canadian_Tire_Centre
Capital Indoor Stadium,https://en.wikipedia.org/wiki/Capital_Indoor_Stadium
Fiserv Forum,https://en.wikipedia.org/wiki/Fiserv_Forum
Kohl Center,https://en.wikipedia.org/wiki/Kohl_Center
Simon Skjodt Assembly Hall,https://en.wikipedia.org/wiki/Simon_Skjodt_Assembly_Hall
MGM Grand Garden Arena,https://en.wikipedia.org/wiki/MGM_Grand_Garden_Arena
PostFinance-Arena,https://en.wikipedia.org/wiki/PostFinance-Arena
Arena Armeec,https://en.wikipedia.org/wiki/Arena_Armeec
Salle Omnisport de Radès,https://en.wikipedia.org/wiki/Salle_Omnisport_de_Rad%C3%A8s
Ziggo Dome,https://en.wikipedia.org/wiki/Ziggo_Dome
Yokohama Arena,https://en.wikipedia.org/wiki/Yokohama_Arena
Halle Tony Garnier,https://en.wikipedia.org/wiki/Halle_Tony_Garnier
Mercedes-Benz Arena (Berlin),https://en.wikipedia.org/wiki/Mercedes-Benz_Arena_(Berlin)
Movistar Arena,https://en.wikipedia.org/wiki/Movistar_Arena
"Wells Fargo Arena (Des Moines, Iowa)","https://en.wikipedia.org/wiki/Wells_Fargo_Arena_(Des_Moines,_Iowa)"
Nilson Nelson Gymnasium,https://en.wikipedia.org/wiki/Nilson_Nelson_Gymnasium
Pala Alpitour,https://en.wikipedia.org/wiki/Pala_Alpitour
Arena México,https://en.wikipedia.org/wiki/Arena_M%C3%A9xico
Arena Zagreb,https://en.wikipedia.org/wiki/Arena_Zagreb
State Farm Center,https://en.wikipedia.org/wiki/State_Farm_Center
Westfalenhallen,https://en.wikipedia.org/wiki/Westfalenhallen
Sinan Erdem Dome,https://en.wikipedia.org/wiki/Sinan_Erdem_Dome
Canada Life Centre,https://en.wikipedia.org/wiki/Canada_Life_Centre
Allen Fieldhouse,https://en.wikipedia.org/wiki/Allen_Fieldhouse
Pacific Coliseum,https://en.wikipedia.org/wiki/Pacific_Coliseum
Save Mart Center,https://en.wikipedia.org/wiki/Save_Mart_Center
Fernando Buesa Arena,https://en.wikipedia.org/wiki/Fernando_Buesa_Arena
Wiener Stadthalle,https://en.wikipedia.org/wiki/Wiener_Stadthalle
Pinnacle Bank Arena,https://en.wikipedia.org/wiki/Pinnacle_Bank_Arena
Royal Arena,https://en.wikipedia.org/wiki/Royal_Arena
AsiaWorld Arena,https://en.wikipedia.org/wiki/AsiaWorld_Arena
Coliseo General Rumiñahui,https://en.wikipedia.org/wiki/Coliseo_General_Rumi%C3%B1ahui
Barclaycard Arena (Hamburg),https://en.wikipedia.org/wiki/Barclaycard_Arena_(Hamburg)
Osaka-jō Hall,https://en.wikipedia.org/wiki/Osaka-j%C5%8D_Hall
Axiata Arena,https://en.wikipedia.org/wiki/Axiata_Arena
Rotterdam Ahoy,https://en.wikipedia.org/wiki/Rotterdam_Ahoy
Arena Birmingham,https://en.wikipedia.org/wiki/Arena_Birmingham
Resorts World Arena,https://en.wikipedia.org/wiki/Resorts_World_Arena
XL Center,https://en.wikipedia.org/wiki/XL_Center
Olympiahalle,https://en.wikipedia.org/wiki/Olympiahalle
Hanns-Martin-Schleyer-Halle,https://en.wikipedia.org/wiki/Hanns-Martin-Schleyer-Halle
Avicii Arena,https://en.wikipedia.org/wiki/Avicii_Arena
Malmö Arena,https://en.wikipedia.org/wiki/Malm%C3%B6_Arena
WiZink Center,https://en.wikipedia.org/wiki/WiZink_Center
Bizkaia Arena,https://en.wikipedia.org/wiki/Bizkaia_Arena
The Pit (arena),https://en.wikipedia.org/wiki/The_Pit_(arena)
Carver–Hawkeye Arena,https://en.wikipedia.org/wiki/Carver%E2%80%93Hawkeye_Arena
Coleman Coliseum,https://en.wikipedia.org/wiki/Coleman_Coliseum
Lusail Sports Arena,https://en.wikipedia.org/wiki/Lusail_Sports_Arena
Bryce Jordan Center,https://en.wikipedia.org/wiki/Bryce_Jordan_Center
SaskTel Centre,https://en.wikipedia.org/wiki/SaskTel_Centre
United Supermarkets Arena,https://en.wikipedia.org/wiki/United_Supermarkets_Arena
Minsk-Arena,https://en.wikipedia.org/wiki/Minsk-Arena
Taipei Arena,https://en.wikipedia.org/wiki/Taipei_Arena
Mizzou Arena,https://en.wikipedia.org/wiki/Mizzou_Arena
Arena-Auditorium,https://en.wikipedia.org/wiki/Arena-Auditorium
Intrust Bank Arena,https://en.wikipedia.org/wiki/Intrust_Bank_Arena
Jakarta Convention Center,https://en.wikipedia.org/wiki/Jakarta_Convention_Center
Palais 12,https://en.wikipedia.org/wiki/Palais_12
Olympic Gymnastics Arena,https://en.wikipedia.org/wiki/Olympic_Gymnastics_Arena
Jon M. Huntsman Center,https://en.wikipedia.org/wiki/Jon_M._Huntsman_Center
VyStar Veterans Memorial Arena,https://en.wikipedia.org/wiki/VyStar_Veterans_Memorial_Arena
Fukuoka Convention Center,https://en.wikipedia.org/wiki/Fukuoka_Convention_Center
Arena Jaraguá,https://en.wikipedia.org/wiki/Arena_Jaragu%C3%A1
Ginásio de Esportes Geraldo Magalhães,https://en.wikipedia.org/wiki/Gin%C3%A1sio_de_Esportes_Geraldo_Magalh%C3%A3es
Goiânia Arena,https://en.wikipedia.org/wiki/Goi%C3%A2nia_Arena
Qizhong Forest Sports City Arena,https://en.wikipedia.org/wiki/Qizhong_Forest_Sports_City_Arena
Cotai Arena,https://en.wikipedia.org/wiki/Cotai_Arena
Coliseo de la Ciudad Deportiva,https://en.wikipedia.org/wiki/Coliseo_de_la_Ciudad_Deportiva
Helliniko Olympic Arena,https://en.wikipedia.org/wiki/Helliniko_Olympic_Arena
Ergo Arena,https://en.wikipedia.org/wiki/Ergo_Arena
Taoyuan Arena,https://en.wikipedia.org/wiki/Taoyuan_Arena
Kaohsiung Arena,https://en.wikipedia.org/wiki/Kaohsiung_Arena
Coca-Cola Arena,https://en.wikipedia.org/wiki/Coca-Cola_Arena
Hamdan Sports Complex,https://en.wikipedia.org/wiki/Hamdan_Sports_Complex
Jyske Bank Boxen,https://en.wikipedia.org/wiki/Jyske_Bank_Boxen
Hartwall Arena,https://en.wikipedia.org/wiki/Hartwall_Arena
Telenor Arena,https://en.wikipedia.org/wiki/Telenor_Arena
SAP Arena,https://en.wikipedia.org/wiki/SAP_Arena
Arena VFG,https://en.wikipedia.org/wiki/Arena_VFG
DirecTV Arena,https://en.wikipedia.org/wiki/DirecTV_Arena
Movistar Arena (Buenos Aires) (page does not exist),https://en.wikipedia.org/w/index.php?title=Movistar_Arena_(Buenos_Aires)&action=edit&redlink=1
Romexpo,https://en.wikipedia.org/wiki/Romexpo
Hallenstadion,https://en.wikipedia.org/wiki/Hallenstadion
Dakar Arena,https://en.wikipedia.org/wiki/Dakar_Arena
KJC King Dome,https://en.wikipedia.org/wiki/KJC_King_Dome
CKA Arena (page does not exist),https://en.wikipedia.org/w/index.php?title=CKA_Arena&action=edit&redlink=1
Arena Guadalajara (page does not exist),https://en.wikipedia.org/w/index.php?title=Arena_Guadalajara&action=edit&redlink=1
Arena Polivalentă (page does not exist),https://en.wikipedia.org/w/index.php?title=Arena_Polivalent%C4%83&action=edit&redlink=1
Gelora Bung Karno Sports Complex,https://en.wikipedia.org/wiki/Gelora_Bung_Karno_Sports_Complex
Sala Polivalentă (Timișoara) (page does not exist),https://en.wikipedia.org/w/index.php?title=Sala_Polivalent%C4%83_(Timi%C8%99oara)&action=edit&redlink=1
Bangkok Arena (Bang Na),https://en.wikipedia.org/wiki/Bangkok_Arena_(Bang_Na)
Tampere Deck Arena,https://en.wikipedia.org/wiki/Tampere_Deck_Arena
Olympic Stadium (Moscow),https://en.wikipedia.org/wiki/Olympic_Stadium_(Moscow)
Charlotte Coliseum,https://en.wikipedia.org/wiki/Charlotte_Coliseum
The Palace of Auburn Hills,https://en.wikipedia.org/wiki/The_Palace_of_Auburn_Hills
Burswood Dome,https://en.wikipedia.org/wiki/Burswood_Dome
Richfield Coliseum,https://en.wikipedia.org/wiki/Richfield_Coliseum
Memphis Pyramid,https://en.wikipedia.org/wiki/Memphis_Pyramid
Joe Louis Arena,https://en.wikipedia.org/wiki/Joe_Louis_Arena
Mata Elang International Stadium,https://en.wikipedia.org/wiki/Mata_Elang_International_Stadium
Meadowlands Arena,https://en.wikipedia.org/wiki/Meadowlands_Arena
St. Louis Arena,https://en.wikipedia.org/wiki/St._Louis_Arena
Saint Petersburg Sports and Concert Complex,https://en.wikipedia.org/wiki/Saint_Petersburg_Sports_and_Concert_Complex
Earls Court Exhibition Centre,https://en.wikipedia.org/wiki/Earls_Court_Exhibition_Centre
"Capital Centre (Landover, Maryland)","https://en.wikipedia.org/wiki/Capital_Centre_(Landover,_Maryland)"
Bradley Center,https://en.wikipedia.org/wiki/Bradley_Center
Madison Square Garden (1925),https://en.wikipedia.org/wiki/Madison_Square_Garden_(1925)
Spectrum (arena),https://en.wikipedia.org/wiki/Spectrum_(arena)
Buffalo Memorial Auditorium,https://en.wikipedia.org/wiki/Buffalo_Memorial_Auditorium
Palasport di San Siro,https://en.wikipedia.org/wiki/Palasport_di_San_Siro
Amway Arena,https://en.wikipedia.org/wiki/Amway_Arena
Chicago Stadium,https://en.wikipedia.org/wiki/Chicago_Stadium
Sleep Train Arena,https://en.wikipedia.org/wiki/Sleep_Train_Arena
Reunion Arena,https://en.wikipedia.org/wiki/Reunion_Arena
McNichols Sports Arena,https://en.wikipedia.org/wiki/McNichols_Sports_Arena
Northlands Coliseum,https://en.wikipedia.org/wiki/Northlands_Coliseum
Miami Arena,https://en.wikipedia.org/wiki/Miami_Arena
Market Square Arena,https://en.wikipedia.org/wiki/Market_Square_Arena
Omni Coliseum,https://en.wikipedia.org/wiki/Omni_Coliseum
Maple Leaf Gardens,https://en.wikipedia.org/wiki/Maple_Leaf_Gardens
Lakewood Church Central Campus,https://en.wikipedia.org/wiki/Lakewood_Church_Central_Campus
Los Angeles Memorial Sports Arena,https://en.wikipedia.org/wiki/Los_Angeles_Memorial_Sports_Arena
HemisFair Arena,https://en.wikipedia.org/wiki/HemisFair_Arena
St. Paul Civic Center,https://en.wikipedia.org/wiki/St._Paul_Civic_Center
Winnipeg Arena,https://en.wikipedia.org/wiki/Winnipeg_Arena
Hollywood Sportatorium,https://en.wikipedia.org/wiki/Hollywood_Sportatorium
Colisée Pepsi,https://en.wikipedia.org/wiki/Colis%C3%A9e_Pepsi
London Docklands Arena,https://en.wikipedia.org/wiki/London_Docklands_Arena
Detroit Olympia,https://en.wikipedia.org/wiki/Detroit_Olympia
Met Center,https://en.wikipedia.org/wiki/Met_Center
Jordan-Hare Stadium,https://en.wikipedia.org/wiki/Jordan-Hare_Stadium
Memorial Stadium (Lincoln),https://en.wikipedia.org/wiki/Memorial_Stadium_(Lincoln)
"Spartan Stadium (East Lansing, Michigan)","https://en.wikipedia.org/wiki/Spartan_Stadium_(East_Lansing,_Michigan)"
Oakland Coliseum,https://en.wikipedia.org/wiki/Oakland_Coliseum
Memorial Stadium (Indiana),https://en.wikipedia.org/wiki/Memorial_Stadium_(Indiana)
SHI Stadium,https://en.wikipedia.org/wiki/SHI_Stadium
Sun Bowl (stadium),https://en.wikipedia.org/wiki/Sun_Bowl_(stadium)
Rice-Eccles Stadium,https://en.wikipedia.org/wiki/Rice-Eccles_Stadium
Independence Stadium (Shreveport),https://en.wikipedia.org/wiki/Independence_Stadium_(Shreveport)
Wallace Wade Stadium,https://en.wikipedia.org/wiki/Wallace_Wade_Stadium
Michie Stadium,https://en.wikipedia.org/wiki/Michie_Stadium
University Stadium (Albuquerque),https://en.wikipedia.org/wiki/University_Stadium_(Albuquerque)
Joan C. Edwards Stadium,https://en.wikipedia.org/wiki/Joan_C._Edwards_Stadium
Albertsons Stadium,https://en.wikipedia.org/wiki/Albertsons_Stadium
Cajun Field,https://en.wikipedia.org/wiki/Cajun_Field
Sam Boyd Stadium,https://en.wikipedia.org/wiki/Sam_Boyd_Stadium
Skelly Field at H. A. Chapman Stadium,https://en.wikipedia.org/wiki/Skelly_Field_at_H._A._Chapman_Stadium
Martin Stadium,https://en.wikipedia.org/wiki/Martin_Stadium
Navy–Marine Corps Memorial Stadium,https://en.wikipedia.org/wiki/Navy%E2%80%93Marine_Corps_Memorial_Stadium
Gerald J. Ford Stadium,https://en.wikipedia.org/wiki/Gerald_J._Ford_Stadium
Truist Field at Wake Forest,https://en.wikipedia.org/wiki/Truist_Field_at_Wake_Forest
"Johnny ""Red"" Floyd Stadium",https://en.wikipedia.org/wiki/Johnny_%22Red%22_Floyd_Stadium
Huskie Stadium,https://en.wikipedia.org/wiki/Huskie_Stadium
Centennial Bank Stadium,https://en.wikipedia.org/wiki/Centennial_Bank_Stadium
Apogee Stadium,https://en.wikipedia.org/wiki/Apogee_Stadium
Dix Stadium,https://en.wikipedia.org/wiki/Dix_Stadium
CEFCU Stadium,https://en.wikipedia.org/wiki/CEFCU_Stadium
JPS Field at Malone Stadium,https://en.wikipedia.org/wiki/JPS_Field_at_Malone_Stadium
Veterans Memorial Stadium (Troy University),https://en.wikipedia.org/wiki/Veterans_Memorial_Stadium_(Troy_University)
Aggie Memorial Stadium,https://en.wikipedia.org/wiki/Aggie_Memorial_Stadium
Harvard Stadium,https://en.wikipedia.org/wiki/Harvard_Stadium
Rynearson Stadium,https://en.wikipedia.org/wiki/Rynearson_Stadium
Kelly/Shorts Stadium,https://en.wikipedia.org/wiki/Kelly/Shorts_Stadium
"War Memorial Stadium (Laramie, Wyoming)","https://en.wikipedia.org/wiki/War_Memorial_Stadium_(Laramie,_Wyoming)"
Waldo Stadium,https://en.wikipedia.org/wiki/Waldo_Stadium
FAU Stadium,https://en.wikipedia.org/wiki/FAU_Stadium
Bobcat Stadium (Texas State),https://en.wikipedia.org/wiki/Bobcat_Stadium_(Texas_State)
InfoCision Stadium–Summa Field,https://en.wikipedia.org/wiki/InfoCision_Stadium%E2%80%93Summa_Field
"William ""Dick"" Price Stadium",https://en.wikipedia.org/wiki/William_%22Dick%22_Price_Stadium
Cessna Stadium,https://en.wikipedia.org/wiki/Cessna_Stadium
Yulman Stadium,https://en.wikipedia.org/wiki/Yulman_Stadium
Joe Aillet Stadium,https://en.wikipedia.org/wiki/Joe_Aillet_Stadium
Mackay Stadium,https://en.wikipedia.org/wiki/Mackay_Stadium
Silverdome,https://en.wikipedia.org/wiki/Silverdome
SDCCU Stadium,https://en.wikipedia.org/wiki/SDCCU_Stadium
Anaheim Stadium,https://en.wikipedia.org/wiki/Anaheim_Stadium
Reliant Astrodome,https://en.wikipedia.org/wiki/Reliant_Astrodome
Old Cardinal Stadium,https://en.wikipedia.org/wiki/Old_Cardinal_Stadium
Balboa Stadium,https://en.wikipedia.org/wiki/Balboa_Stadium
Robertson Stadium,https://en.wikipedia.org/wiki/Robertson_Stadium
Rubber Bowl,https://en.wikipedia.org/wiki/Rubber_Bowl
City Stadium (Green Bay),https://en.wikipedia.org/wiki/City_Stadium_(Green_Bay)
Independence Park (Jamaica),https://en.wikipedia.org/wiki/Independence_Park_(Jamaica)
Newcastle International Sports Centre,https://en.wikipedia.org/wiki/Newcastle_International_Sports_Centre
Melbourne Rectangular Stadium,https://en.wikipedia.org/wiki/Melbourne_Rectangular_Stadium
Henson Park,https://en.wikipedia.org/wiki/Henson_Park
Mount Smart Stadium,https://en.wikipedia.org/wiki/Mount_Smart_Stadium
Odsal Stadium,https://en.wikipedia.org/wiki/Odsal_Stadium
Robina Stadium,https://en.wikipedia.org/wiki/Robina_Stadium
RZD Arena,https://en.wikipedia.org/wiki/RZD_Arena
Willows Sports Complex,https://en.wikipedia.org/wiki/Willows_Sports_Complex
KCOM Stadium,https://en.wikipedia.org/wiki/KCOM_Stadium
DW Stadium,https://en.wikipedia.org/wiki/DW_Stadium
Canberra Stadium,https://en.wikipedia.org/wiki/Canberra_Stadium
Kirklees Stadium,https://en.wikipedia.org/wiki/Kirklees_Stadium
Brookvale Oval,https://en.wikipedia.org/wiki/Brookvale_Oval
Wollongong Showground,https://en.wikipedia.org/wiki/Wollongong_Showground
Penrith Stadium,https://en.wikipedia.org/wiki/Penrith_Stadium
International Olympic Stadium,https://en.wikipedia.org/wiki/International_Olympic_Stadium
Endeavour Field,https://en.wikipedia.org/wiki/Endeavour_Field
Headingley Rugby Stadium,https://en.wikipedia.org/wiki/Headingley_Rugby_Stadium
Jubilee Oval,https://en.wikipedia.org/wiki/Jubilee_Oval
Perth Oval,https://en.wikipedia.org/wiki/Perth_Oval
Campbelltown Stadium,https://en.wikipedia.org/wiki/Campbelltown_Stadium
Lidcombe Oval,https://en.wikipedia.org/wiki/Lidcombe_Oval
North Sydney Oval,https://en.wikipedia.org/wiki/North_Sydney_Oval
Barlow Park,https://en.wikipedia.org/wiki/Barlow_Park
Rugby League Park,https://en.wikipedia.org/wiki/Rugby_League_Park
Totally Wicked Stadium,https://en.wikipedia.org/wiki/Totally_Wicked_Stadium
Parc des Sports (Avignon),https://en.wikipedia.org/wiki/Parc_des_Sports_(Avignon)
Bislett Stadium,https://en.wikipedia.org/wiki/Bislett_Stadium
Keepmoat Stadium,https://en.wikipedia.org/wiki/Keepmoat_Stadium
Halliwell Jones Stadium,https://en.wikipedia.org/wiki/Halliwell_Jones_Stadium
Apia Park,https://en.wikipedia.org/wiki/Apia_Park
National Stadium (Suva),https://en.wikipedia.org/wiki/National_Stadium_(Suva)
Seiffert Oval,https://en.wikipedia.org/wiki/Seiffert_Oval
National Football Stadium,https://en.wikipedia.org/wiki/National_Football_Stadium
The Shay,https://en.wikipedia.org/wiki/The_Shay
Gladsaxe Stadium,https://en.wikipedia.org/wiki/Gladsaxe_Stadium
Avanhard Stadium (Rivne),https://en.wikipedia.org/wiki/Avanhard_Stadium_(Rivne)
Select Security Stadium,https://en.wikipedia.org/wiki/Select_Security_Stadium
Stadium Municipal d'Albi,https://en.wikipedia.org/wiki/Stadium_Municipal_d%27Albi
Stade Gilbert Brutus,https://en.wikipedia.org/wiki/Stade_Gilbert_Brutus
"Craven Park, Hull","https://en.wikipedia.org/wiki/Craven_Park,_Hull"
Stadium Mackay,https://en.wikipedia.org/wiki/Stadium_Mackay
Hodges Stadium,https://en.wikipedia.org/wiki/Hodges_Stadium
Leigh Sports Village,https://en.wikipedia.org/wiki/Leigh_Sports_Village
Salford City Stadium,https://en.wikipedia.org/wiki/Salford_City_Stadium
Sunshine Coast Stadium,https://en.wikipedia.org/wiki/Sunshine_Coast_Stadium
The Jungle (Wheldon Road),https://en.wikipedia.org/wiki/The_Jungle_(Wheldon_Road)
Kingston Park (stadium),https://en.wikipedia.org/wiki/Kingston_Park_(stadium)
Derwent Park,https://en.wikipedia.org/wiki/Derwent_Park
Dolphin Oval,https://en.wikipedia.org/wiki/Dolphin_Oval
Spotland Stadium,https://en.wikipedia.org/wiki/Spotland_Stadium
Stade d'Albert Domec,https://en.wikipedia.org/wiki/Stade_d%27Albert_Domec
Teufaiva Sport Stadium,https://en.wikipedia.org/wiki/Teufaiva_Sport_Stadium
Nickerson Field,https://en.wikipedia.org/wiki/Nickerson_Field
Post Office Road,https://en.wikipedia.org/wiki/Post_Office_Road
Lamport Stadium,https://en.wikipedia.org/wiki/Lamport_Stadium
Belle Vue (Wakefield),https://en.wikipedia.org/wiki/Belle_Vue_(Wakefield)
Bootham Crescent,https://en.wikipedia.org/wiki/Bootham_Crescent
Queensway Stadium,https://en.wikipedia.org/wiki/Queensway_Stadium
Browne Park,https://en.wikipedia.org/wiki/Browne_Park
Tuks Stadium,https://en.wikipedia.org/wiki/Tuks_Stadium
Cougar Park,https://en.wikipedia.org/wiki/Cougar_Park
"Craven Park, Barrow-in-Furness","https://en.wikipedia.org/wiki/Craven_Park,_Barrow-in-Furness"
"Mount Pleasant, Batley","https://en.wikipedia.org/wiki/Mount_Pleasant,_Batley"
Recreation Ground (Whitehaven),https://en.wikipedia.org/wiki/Recreation_Ground_(Whitehaven)
Carlisle Grounds,https://en.wikipedia.org/wiki/Carlisle_Grounds
Kalabond Oval,https://en.wikipedia.org/wiki/Kalabond_Oval
Stade Sabathé,https://en.wikipedia.org/wiki/Stade_Sabath%C3%A9
Campbell's Field,https://en.wikipedia.org/wiki/Campbell%27s_Field
Széktói Stadion,https://en.wikipedia.org/wiki/Sz%C3%A9kt%C3%B3i_Stadion
Stade du Moulin,https://en.wikipedia.org/wiki/Stade_du_Moulin
Stade Municipal (Saint-Esteve),https://en.wikipedia.org/wiki/Stade_Municipal_(Saint-Esteve)
Spec Martin Stadium,https://en.wikipedia.org/wiki/Spec_Martin_Stadium
North Ipswich Reserve,https://en.wikipedia.org/wiki/North_Ipswich_Reserve
Crown Flatt,https://en.wikipedia.org/wiki/Crown_Flatt
Atlanta Silverbacks Park,https://en.wikipedia.org/wiki/Atlanta_Silverbacks_Park
Avarua Tereora Stadium,https://en.wikipedia.org/wiki/Avarua_Tereora_Stadium
BMD Kougari Oval,https://en.wikipedia.org/wiki/BMD_Kougari_Oval
Fritz-Grunebaum-Sportpark,https://en.wikipedia.org/wiki/Fritz-Grunebaum-Sportpark
H.E. Laybutt Field (page does not exist),https://en.wikipedia.org/w/index.php?title=H.E._Laybutt_Field&action=edit&redlink=1
Langlands Park,https://en.wikipedia.org/wiki/Langlands_Park
Mount Pritchard Oval,https://en.wikipedia.org/wiki/Mount_Pritchard_Oval
Port Vila Municipal Stadium,https://en.wikipedia.org/wiki/Port_Vila_Municipal_Stadium
Redfern Oval,https://en.wikipedia.org/wiki/Redfern_Oval
Ringrose Park (page does not exist),https://en.wikipedia.org/w/index.php?title=Ringrose_Park&action=edit&redlink=1
Stade de la Roseraie (page does not exist),https://en.wikipedia.org/w/index.php?title=Stade_de_la_Roseraie&action=edit&redlink=1
Stade de l'Aiguille,https://en.wikipedia.org/wiki/Stade_de_l%27Aiguille
Stade Georges Lyvet (page does not exist),https://en.wikipedia.org/w/index.php?title=Stade_Georges_Lyvet&action=edit&redlink=1
Stade Jules Ribet,https://en.wikipedia.org/wiki/Stade_Jules_Ribet
Stade Max Rousie,https://en.wikipedia.org/wiki/Stade_Max_Rousie
Stade Municipal de Berrechid,https://en.wikipedia.org/wiki/Stade_Municipal_de_Berrechid
White Hart Lane Community Sports Centre,https://en.wikipedia.org/wiki/White_Hart_Lane_Community_Sports_Centre
Wembley Stadium (1923),https://en.wikipedia.org/wiki/Wembley_Stadium_(1923)
Sydney Sports Ground,https://en.wikipedia.org/wiki/Sydney_Sports_Ground
Belmore Sports Ground,https://en.wikipedia.org/wiki/Belmore_Sports_Ground
Carrara Stadium,https://en.wikipedia.org/wiki/Carrara_Stadium
WACA Ground,https://en.wikipedia.org/wiki/WACA_Ground
Parramatta Stadium,https://en.wikipedia.org/wiki/Parramatta_Stadium
Ninian Park,https://en.wikipedia.org/wiki/Ninian_Park
Stade Sébastien Charléty,https://en.wikipedia.org/wiki/Stade_S%C3%A9bastien_Charl%C3%A9ty
Olympic Park Stadium (Melbourne),https://en.wikipedia.org/wiki/Olympic_Park_Stadium_(Melbourne)
Hindmarsh Stadium,https://en.wikipedia.org/wiki/Hindmarsh_Stadium
Knowsley Road,https://en.wikipedia.org/wiki/Knowsley_Road
Carlaw Park,https://en.wikipedia.org/wiki/Carlaw_Park
Twickenham Stoop,https://en.wikipedia.org/wiki/Twickenham_Stoop
Gateshead International Stadium,https://en.wikipedia.org/wiki/Gateshead_International_Stadium
"The Willows, Salford","https://en.wikipedia.org/wiki/The_Willows,_Salford"
Belle Vue (Doncaster),https://en.wikipedia.org/wiki/Belle_Vue_(Doncaster)
The Boulevard (stadium),https://en.wikipedia.org/wiki/The_Boulevard_(stadium)
Thrum Hall,https://en.wikipedia.org/wiki/Thrum_Hall
Wilderspool Stadium,https://en.wikipedia.org/wiki/Wilderspool_Stadium
Barnet Copthall,https://en.wikipedia.org/wiki/Barnet_Copthall
St. Helen's Rugby and Cricket Ground,https://en.wikipedia.org/wiki/St._Helen%27s_Rugby_and_Cricket_Ground
Angel Stadium of Anaheim,https://en.wikipedia.org/wiki/Angel_Stadium_of_Anaheim
Howard J. Lamade Stadium,https://en.wikipedia.org/wiki/Howard_J._Lamade_Stadium
Fenway Park,https://en.wikipedia.org/wiki/Fenway_Park
Target Field,https://en.wikipedia.org/wiki/Target_Field
PNC Park,https://en.wikipedia.org/wiki/PNC_Park
Meiji Jingu Stadium,https://en.wikipedia.org/wiki/Meiji_Jingu_Stadium
Osaka Dome,https://en.wikipedia.org/wiki/Osaka_Dome
Seibu Dome,https://en.wikipedia.org/wiki/Seibu_Dome
Fukuoka Dome,https://en.wikipedia.org/wiki/Fukuoka_Dome
Kobe Sports Park Baseball Stadium,https://en.wikipedia.org/wiki/Kobe_Sports_Park_Baseball_Stadium
Hiroshima Municipal Stadium,https://en.wikipedia.org/wiki/Hiroshima_Municipal_Stadium
Muscat Stadium,https://en.wikipedia.org/wiki/Muscat_Stadium
Sajik Baseball Stadium,https://en.wikipedia.org/wiki/Sajik_Baseball_Stadium
Munhak Baseball Stadium,https://en.wikipedia.org/wiki/Munhak_Baseball_Stadium
Jamsil Baseball Stadium,https://en.wikipedia.org/wiki/Jamsil_Baseball_Stadium
Botchan Stadium,https://en.wikipedia.org/wiki/Botchan_Stadium
Dennis Martínez National Stadium,https://en.wikipedia.org/wiki/Dennis_Mart%C3%ADnez_National_Stadium
Chiba Marine Stadium,https://en.wikipedia.org/wiki/Chiba_Marine_Stadium
Daegu Samsung Lions Park,https://en.wikipedia.org/wiki/Daegu_Samsung_Lions_Park
Miyagi Baseball Stadium,https://en.wikipedia.org/wiki/Miyagi_Baseball_Stadium
Gwangju Baseball Stadium,https://en.wikipedia.org/wiki/Gwangju_Baseball_Stadium
Suwon Baseball Stadium,https://en.wikipedia.org/wiki/Suwon_Baseball_Stadium
TD Ameritrade Park,https://en.wikipedia.org/wiki/TD_Ameritrade_Park
Estadio Luis Aparicio El Grande,https://en.wikipedia.org/wiki/Estadio_Luis_Aparicio_El_Grande
Estadio Metropolitano (San Cristóbal),https://en.wikipedia.org/wiki/Estadio_Metropolitano_(San_Crist%C3%B3bal)
Masan Baseball Stadium,https://en.wikipedia.org/wiki/Masan_Baseball_Stadium
Estadio Universitario (Caracas),https://en.wikipedia.org/wiki/Estadio_Universitario_(Caracas)
Estadio Antonio Herrera Gutiérrez,https://en.wikipedia.org/wiki/Estadio_Antonio_Herrera_Guti%C3%A9rrez
Tachino Baseball Stadium,https://en.wikipedia.org/wiki/Tachino_Baseball_Stadium
Taichung Intercontinental Baseball Stadium,https://en.wikipedia.org/wiki/Taichung_Intercontinental_Baseball_Stadium
Chengching Lake Baseball Field,https://en.wikipedia.org/wiki/Chengching_Lake_Baseball_Field
